Year,ISO_Code,Countries,Economic Freedom Summary Index,Rank,Quartile,Government consumption,data,Transfers and subsidies,data,Government investment,data,Top marginal income tax rate,data,Top marginal income and payroll tax rate,data,Top marginal tax rate,State ownership of assets,Size of Government, Judicial independence,Impartial courts,Protection of property rights,Military interference in rule of law and politics,Integrity of the legal system,Legal enforcement of contracts,Regulatory restrictions on the sale of real property,Reliability of police,Gender Legal Rights Adjustment,Legal System & Property Rights,Money growth,data,Standard deviation of inflation,data, Inflation: Most recent year,data,Freedom to own foreign currency bank accounts,Sound Money,Revenue from trade taxes (% of trade sector),data,Mean tariff rate,data,Standard deviation of tariff rates,data,Tariffs,Non-tariff trade barriers,Compliance costs of importing and exporting, Regulatory trade barriers,Black market exchange rates,Financial Openness,Capital controls,Freedom of foreigners to visit,Controls of the movement of capital and people,Freedom to trade Internationally,Ownership of banks,Private sector credit,Interest rate controls/negative real interest rates),Credit market regulations,Hiring regulations and minimum wage,Hiring and firing regulations,Centralized collective bargaining,Hours Regulations,Mandated cost of worker dismissal,Conscription,Labor market regulations,Administrative requirements,Regulatory Burden,Starting a business,Impartial Public Administration,Licensing restrictions,Tax compliance,Business regulations,Regulation
2020,AGO,Angola,5.91,138,4,7.70,13.82,9.70,1.59,9.27,17.55,10.00,17.00,9.00,25.00,9.50,4.49,8.13,4.06,3.39,3.74,4.17,4.50,2.30,5.52,3.81,0.88,3.71,7.03,14.83,6.78,8.06,5.54,22.30,5.00,6.09,9.39,0.91,7.96,10.20,4.00,14.99,7.12,4.70,2.51,3.60,10.00,0.00,2.31,0.00,0.77,5.37,5.00,8.94,9.00,7.65,10.00,4.43,6.97,4.00,6.63,0.00,5.34,2.94,3.11,8.73,4.70,7.92,6.78,5.70,6.23
2020,ALB,Albania,7.64,26,1,8.03,12.71,6.98,11.59,7.55,23.59,9.00,23.00,7.00,34.00,8.00,8.54,7.82,4.19,4.07,3.84,8.33,5.40,3.91,6.72,5.61,1.00,5.26,9.78,1.08,9.69,0.77,9.68,1.62,10.00,9.79,9.57,0.64,9.28,3.60,8.08,4.79,8.98,6.81,9.41,8.11,10.00,4.17,4.62,8.63,5.80,8.22,10.00,3.77,10.00,7.92,5.57,4.87,5.58,8.00,6.30,10.00,6.72,5.65,6.00,9.74,6.00,5.62,7.18,6.70,7.11
2020,ARE,United Arab Emirates,7.35,49,2,3.98,26.46,8.06,7.62,0.00,54.45,10.00,0.00,10.00,16.00,10.00,3.70,5.15,5.83,7.68,7.77,8.33,5.88,5.83,9.91,8.61,0.88,7.04,9.66,1.70,7.06,7.36,9.58,-2.08,10.00,9.08,10.00,0.00,9.08,4.60,7.92,5.20,9.00,7.11,8.33,7.72,10.00,10.00,5.38,0.00,5.13,7.96,5.00,10.00,8.00,7.67,10.00,6.93,7.38,6.00,10.00,0.00,6.72,7.03,6.44,9.69,7.31,10.00,8.70,8.20,7.53
2020,ARG,Argentina,4.87,161,4,5.99,19.65,6.49,13.37,8.70,19.54,7.00,35.00,1.00,57.00,4.00,7.24,6.48,4.73,4.03,4.58,7.50,4.84,3.82,6.86,4.41,0.88,4.80,5.08,24.58,6.38,9.05,1.60,42.00,5.00,4.52,4.93,7.61,7.32,13.40,5.87,10.32,6.04,5.07,5.65,5.36,0.00,2.84,0.00,0.00,0.95,3.09,5.00,5.38,5.00,5.13,2.77,2.24,3.19,10.00,2.52,10.00,5.12,2.71,5.56,9.58,7.27,5.73,6.51,6.23,5.49
2020,ARM,Armenia,7.84,11,1,6.61,17.54,7.22,10.69,8.98,18.58,9.00,23.00,7.00,33.00,8.00,9.07,7.98,4.69,5.54,6.37,5.83,5.77,5.20,9.82,6.67,1.00,6.24,8.78,6.12,9.68,0.81,9.76,1.21,10.00,9.55,8.94,1.59,8.76,6.20,7.59,6.01,8.43,5.69,9.32,7.50,10.00,8.36,6.15,0.00,4.84,7.69,10.00,9.05,10.00,9.68,6.67,5.60,7.25,10.00,9.25,0.00,6.46,5.17,5.11,9.86,6.26,9.30,7.04,7.12,7.76
2020,AUS,Australia,8.04,6,1,3.45,28.27,5.77,16.03,9.25,17.64,5.00,45.00,4.00,47.00,4.50,7.49,6.09,8.44,7.57,8.45,10.00,8.92,6.76,8.14,8.42,1.00,8.34,9.05,4.73,9.35,1.64,9.83,0.85,10.00,9.56,8.51,2.24,9.52,2.40,9.05,2.38,9.03,7.12,8.43,7.78,10.00,10.00,4.62,0.00,4.87,7.92,10.00,6.39,10.00,8.80,8.90,3.91,6.08,10.00,7.93,10.00,7.80,3.98,8.00,9.93,9.64,8.95,8.82,8.22,8.27
2020,AUT,Austria,7.56,33,1,3.02,29.72,1.72,30.88,10.00,13.21,4.00,55.00,3.00,59.00,3.50,6.40,4.93,7.82,7.79,8.62,10.00,9.21,6.99,8.10,8.60,1.00,8.39,7.20,14.02,9.81,0.49,9.72,1.38,10.00,9.18,8.60,2.10,8.98,5.10,6.51,8.72,8.03,6.66,9.98,8.32,10.00,10.00,3.08,5.00,6.03,8.09,8.00,6.82,10.00,8.27,8.90,4.78,2.49,6.00,10.00,3.00,5.86,4.47,6.00,9.24,9.28,7.30,8.53,7.47,7.20
2020,AZE,Azerbaijan,6.21,119,3,5.64,20.83,7.71,8.90,0.00,57.60,9.00,25.00,4.00,44.00,6.50,2.90,4.55,4.02,3.58,6.81,5.00,4.13,7.25,7.61,7.60,0.82,5.24,8.76,6.21,5.87,10.33,9.45,2.76,5.00,7.27,8.73,1.91,8.26,8.70,5.65,10.88,7.55,6.63,8.20,7.42,10.00,4.64,4.62,0.00,3.09,7.01,5.00,7.32,9.00,7.11,8.33,7.25,8.18,6.00,8.50,1.00,6.54,7.21,6.22,9.88,2.82,9.02,8.22,7.23,6.96
2020,BDI,Burundi,5.67,147,4,3.09,29.51,10.00,0.47,9.39,17.15,8.00,30.00,5.00,38.00,6.50,4.41,6.68,3.74,3.34,4.31,,3.28,2.81,8.55,5.37,0.82,4.09,6.63,16.86,7.39,6.52,8.54,7.32,10.00,8.14,8.07,2.90,7.44,12.80,5.14,12.16,6.88,4.55,1.14,2.84,1.72,0.00,1.54,0.00,0.51,2.99,5.00,0.00,10.00,5.00,10.00,5.12,7.45,8.00,7.76,10.00,8.05,4.91,2.44,9.71,3.55,9.76,7.40,6.30,6.45
2020,BEL,Belgium,7.37,46,2,1.98,33.26,0.63,34.89,10.00,11.47,2.00,50-55,0.00,66-69,1.00,8.01,4.32,7.72,7.24,7.86,10.00,8.27,6.53,4.90,7.60,1.00,7.52,7.13,14.34,9.94,0.16,9.85,0.74,10.00,9.23,8.60,2.10,8.98,5.10,6.51,8.72,8.03,5.64,9.98,7.81,10.00,10.00,3.85,5.00,6.28,8.03,8.00,6.24,10.00,8.08,8.90,3.75,5.85,6.00,10.00,10.00,7.42,3.50,7.78,9.78,9.53,7.46,8.48,7.75,7.75
2020,BEN,Benin,6.51,106,3,7.54,14.35,9.77,1.34,9.03,18.38,5.00,40.00,2.00,54.00,3.50,8.72,7.71,5.45,4.95,4.87,,6.01,2.05,6.61,6.67,0.82,4.77,9.58,-2.08,9.46,1.35,9.40,3.02,0.00,7.11,5.84,6.24,7.58,12.10,7.05,7.38,6.82,5.13,5.16,5.15,10.00,1.64,0.77,0.00,0.80,5.69,10.00,9.75,5.00,8.25,7.77,6.13,7.60,8.00,7.57,1.00,6.34,4.54,4.22,9.68,7.88,9.48,6.97,7.13,7.24
2020,BFA,Burkina Faso,6.15,123,3,5.41,21.61,9.53,2.22,6.98,25.56,9.00,25.00,4.00,42.00,6.50,7.79,7.24,5.02,3.80,4.62,3.33,6.25,2.14,4.82,5.72,0.82,4.07,8.72,6.38,8.78,3.06,9.62,1.89,0.00,6.78,7.69,3.46,7.58,12.10,7.05,7.38,7.44,5.43,3.60,4.52,10.00,1.64,0.77,0.00,0.80,5.69,10.00,7.86,4.00,7.29,6.67,4.60,6.87,6.00,7.94,10.00,7.01,3.77,4.22,9.11,6.22,8.93,6.97,6.54,6.95
2020,BGD,Bangladesh,5.89,139,4,9.34,8.23,9.71,1.55,6.40,27.61,9.00,25.00,9.00,25.00,9.00,6.48,8.19,3.15,3.60,4.31,4.17,3.29,0.94,2.67,4.18,0.76,2.90,9.19,4.06,9.55,1.14,8.86,5.69,0.00,6.90,5.55,6.68,7.20,14.00,6.25,9.38,6.33,5.63,0.00,2.82,10.00,1.64,0.00,0.00,0.55,4.92,5.00,8.45,10.00,7.82,10.00,4.69,6.28,10.00,1.37,10.00,7.05,3.88,2.67,9.28,1.38,6.45,5.12,4.80,6.56
2020,BGR,Bulgaria,7.69,23,1,4.44,24.92,5.95,15.38,9.15,17.98,10.00,10.00,7.00,35.00,8.50,7.93,7.19,5.61,4.71,4.86,8.33,5.60,5.08,8.72,4.76,1.00,5.96,8.86,5.69,9.56,1.10,9.67,1.67,10.00,9.52,8.60,2.10,8.98,5.10,6.51,8.72,8.03,5.42,9.85,7.64,10.00,6.88,4.62,6.45,5.98,7.91,10.00,9.62,10.00,9.87,5.57,5.04,7.18,6.00,9.25,10.00,7.17,4.52,5.56,9.25,5.94,9.33,5.06,6.61,7.89
2020,BHR,Bahrain,7.47,39,1,3.42,28.36,9.43,2.58,10.00,14.39,10.00,0.00,10.00,17.00,10.00,2.55,7.08,5.37,5.10,7.84,5.00,5.00,4.79,9.40,8.95,0.53,4.92,9.95,0.27,8.24,4.41,9.54,-2.32,10.00,9.43,9.71,0.44,9.04,4.80,6.37,9.07,8.37,6.81,6.67,6.74,10.00,10.00,6.15,7.63,7.93,8.26,10.00,2.83,10.00,7.61,8.33,5.98,8.06,8.00,7.03,10.00,7.90,6.06,7.56,9.71,2.41,9.76,9.75,7.54,7.68
2020,BHS,"Bahamas, The",7.02,71,2,5.96,19.73,8.62,5.55,10.00,6.12,10.00,0.00,10.00,9.00,10.00,,8.65,7.15,5.12,,10.00,6.67,4.60,3.82,,1.00,6.23,9.63,1.85,7.59,6.01,9.99,0.04,0.00,6.80,4.53,8.20,3.50,32.50,1.55,21.13,3.19,6.71,8.11,7.41,10.00,0.00,0.77,0.00,0.26,5.22,10.00,5.35,10.00,8.45,8.90,,,8.00,6.55,10.00,8.36,,5.78,9.52,,7.98,8.26,7.88,8.23
2020,BIH,Bosnia and Herzegovina,6.72,89,3,5.29,22.03,4.89,19.25,9.66,16.20,10.00,10.00,3.00,47.00,6.50,6.85,6.64,4.13,3.46,3.75,,4.44,3.79,7.66,4.50,0.88,4.27,8.91,5.44,9.59,1.02,9.79,-1.05,5.00,8.32,9.87,0.20,8.74,6.30,6.62,8.44,8.41,6.19,9.59,7.89,10.00,1.64,3.08,3.34,2.69,7.25,10.00,7.39,10.00,9.13,5.57,3.11,7.08,10.00,7.51,10.00,7.21,1.84,4.89,7.26,2.62,7.95,5.39,4.99,7.11
2020,BLR,Belarus,6.83,83,2,4.49,24.73,5.72,16.20,,,10.00,13.00,5.00,36.00,7.50,3.23,5.24,3.69,5.11,,5.00,4.22,6.97,9.91,,0.88,5.47,8.39,8.05,9.37,1.57,8.89,5.55,10.00,9.16,8.45,2.32,8.64,6.80,6.57,8.57,7.89,6.15,9.70,7.93,10.00,1.64,1.54,7.01,3.40,7.30,2.00,8.97,9.00,6.66,10.00,,,10.00,7.76,1.00,7.19,,6.00,9.72,3.32,8.34,8.09,7.10,6.98
2020,BLZ,Belize,6.23,118,3,4.90,23.35,8.43,6.26,1.89,43.39,9.00,25.00,,,9.00,,6.05,6.79,3.69,7.39,,,3.33,7.29,3.33,0.88,4.99,9.27,3.66,9.04,2.39,9.98,0.10,0.00,7.07,7.47,3.79,7.62,11.90,4.15,14.64,6.41,4.27,6.09,5.18,10.00,1.64,0.00,0.00,0.55,5.54,10.00,4.61,10.00,8.20,7.77,4.97,7.99,8.00,6.55,10.00,7.55,3.72,4.67,8.10,,8.60,8.35,6.69,7.48
2020,BOL,Bolivia,6.15,123,3,5.24,22.19,8.84,4.77,0.00,65.70,10.00,13.00,10.00,13.00,10.00,5.70,5.95,3.13,2.50,3.23,4.17,4.04,4.49,6.75,2.72,1.00,3.88,9.68,1.58,8.60,3.49,9.81,0.94,10.00,9.52,9.24,1.14,7.64,11.80,6.22,9.44,7.70,4.95,3.05,4.00,10.00,4.48,4.62,0.00,3.03,6.18,8.00,4.92,10.00,7.64,1.10,2.05,5.01,8.00,,3.00,3.83,1.85,3.11,8.34,4.90,7.08,0.00,4.22,5.23
2020,BRA,Brazil,6.33,114,3,4.52,24.63,5.35,17.57,10.00,13.45,8.00,28.00,2.00,52.00,5.00,8.18,6.61,5.29,4.68,4.89,5.83,5.18,3.33,8.24,3.85,1.00,5.16,8.47,7.65,9.16,2.11,9.36,3.21,10.00,9.25,8.73,1.90,7.34,13.30,6.12,9.71,7.40,4.04,7.87,5.95,10.00,1.64,2.31,0.00,1.32,6.17,5.00,1.09,7.00,4.36,2.23,2.93,5.48,6.00,7.13,3.00,4.46,1.14,6.22,9.42,5.20,5.40,0.00,4.56,4.46
2020,BRB,Barbados,7.01,72,2,7.79,13.52,6.65,12.81,10.00,14.19,8.00,29.00,3.00,46.00,5.50,6.69,7.32,7.22,5.38,5.85,,7.74,3.80,7.58,6.40,0.88,5.91,9.53,2.34,8.78,3.04,9.42,2.90,5.00,8.18,8.01,2.99,7.86,10.70,5.63,10.91,7.17,6.56,6.16,6.36,10.00,1.64,0.00,0.00,0.55,6.02,8.00,10.00,10.00,9.33,8.90,2.99,6.37,8.00,5.68,10.00,6.99,3.26,6.89,9.41,7.44,5.00,7.30,6.55,7.62
2020,BRN,Brunei Darussalam,7.21,59,2,0.00,51.70,,,10.00,3.48,10.00,0.00,10.00,7.00,10.00,,6.67,5.63,5.25,5.53,8.33,6.67,4.17,4.80,6.47,0.71,5.00,9.79,1.04,6.50,8.75,9.61,1.94,10.00,8.98,,,9.96,0.20,9.32,1.70,9.64,5.10,2.34,3.72,10.00,,6.15,0.00,3.08,6.61,,8.67,10.00,9.33,10.00,4.91,7.82,10.00,10.00,10.00,8.79,3.89,8.44,9.81,,9.56,9.41,8.22,8.78
2020,BTN,Bhutan,6.49,110,3,4.35,25.22,9.46,2.47,4.97,32.62,7.00,33.00,8.00,26.00,7.50,5.28,6.31,6.50,6.62,6.16,,7.45,7.37,6.90,2.46,0.94,6.03,8.09,9.57,9.01,2.47,8.87,5.63,0.00,6.49,9.20,1.20,5.58,22.10,4.25,14.37,6.34,4.92,9.50,7.21,10.00,1.64,0.00,0.00,0.55,6.03,5.00,9.39,9.00,7.80,10.00,2.01,5.63,10.00,10.00,10.00,7.94,2.54,4.22,9.58,8.23,8.47,9.42,7.08,7.60
2020,BWA,Botswana,7.35,49,2,0.00,43.72,8.67,5.39,7.82,22.64,9.00,25.00,9.00,25.00,9.00,7.63,6.62,6.80,6.36,6.52,8.33,6.68,3.07,7.81,6.30,0.88,6.10,9.39,3.05,8.21,4.46,9.62,1.89,10.00,9.31,3.00,10.50,8.46,7.70,5.53,11.17,5.66,5.32,9.40,7.36,10.00,10.00,5.38,0.00,5.13,7.04,8.00,6.35,10.00,8.12,10.00,4.96,5.76,10.00,3.78,10.00,7.42,4.15,6.67,8.46,8.28,9.26,8.65,7.58,7.70
2020,CAF,Central African Republic,5.40,155,4,9.49,7.73,9.58,2.04,3.33,38.33,5.00,40.00,2.00,52.00,3.50,8.88,6.96,5.88,2.24,3.92,,3.08,0.51,4.97,,0.76,3.03,8.19,9.06,8.84,2.89,9.54,2.30,0.00,6.64,6.29,5.57,6.40,18.00,6.18,9.54,6.29,3.28,2.28,2.78,10.00,1.64,1.54,0.00,1.06,5.03,5.00,10.00,10.00,8.33,0.00,,,6.00,7.01,0.00,3.25,,0.67,7.84,2.13,7.31,4.59,4.50,5.36
2020,CAN,Canada,7.81,14,1,3.45,28.26,4.45,20.86,8.97,18.59,5.00,45-54,5.00,45-54,5.00,7.21,5.82,7.67,7.84,7.72,10.00,8.51,5.82,8.68,7.92,1.00,8.02,8.54,7.30,9.67,0.82,9.86,0.72,10.00,9.52,9.80,0.30,9.22,3.90,2.56,18.60,7.19,5.94,9.89,7.91,10.00,10.00,7.69,0.00,5.90,7.75,10.00,4.23,10.00,8.08,8.90,6.09,7.24,8.00,8.27,10.00,8.08,4.83,7.56,9.95,8.55,6.85,8.53,7.71,7.96
2020,CHE,Switzerland,8.37,3,1,6.21,18.89,5.36,17.53,10.00,13.00,8.00,26-43,6.00,35-50,7.00,9.04,7.52,8.59,8.54,9.04,10.00,8.83,6.25,9.60,9.05,1.00,8.74,9.75,1.24,9.82,0.44,9.85,-0.73,10.00,9.86,9.90,0.15,8.94,5.30,0.46,23.85,6.43,6.22,9.91,8.07,10.00,10.00,3.08,5.00,6.03,7.63,8.00,9.11,10.00,9.04,10.00,8.04,7.90,6.00,10.00,0.00,6.99,6.32,6.22,9.58,9.79,8.37,9.29,8.26,8.10
2020,CHL,Chile,7.56,33,1,5.54,21.17,8.46,6.15,10.00,10.93,6.00,36.00,6.00,36.00,6.00,8.40,7.68,7.54,6.87,7.16,7.50,7.26,5.37,9.10,7.79,0.82,6.68,9.11,4.45,9.01,2.49,9.39,3.05,10.00,9.38,9.79,0.31,8.80,6.00,9.83,0.42,9.48,7.01,6.83,6.92,10.00,7.00,2.31,0.00,3.10,7.37,8.00,8.58,7.00,7.86,5.57,3.44,8.30,10.00,2.52,0.00,4.97,4.02,7.33,9.84,7.46,7.74,6.68,7.18,6.67
2020,CHN,China,6.27,116,3,2.71,30.79,8.29,6.76,3.87,36.46,6.00,45.00,6.00,45.00,6.00,3.98,4.97,4.28,4.96,5.96,5.00,4.29,4.75,8.32,5.98,0.88,5.12,9.81,0.96,9.43,1.42,9.52,2.42,5.00,8.44,9.44,0.84,8.50,7.50,7.51,6.23,8.48,5.81,8.64,7.22,10.00,1.64,0.00,0.00,0.55,6.56,2.00,7.49,10.00,6.50,8.90,5.77,6.05,10.00,2.52,0.00,5.54,5.63,3.56,9.71,3.69,9.11,8.45,6.69,6.24
2020,CIV,Cote d'Ivoire,6.01,132,4,7.69,13.87,9.56,2.13,5.91,29.33,3.00,47.00,1.00,58.00,2.00,7.15,6.46,4.59,4.28,4.94,4.17,4.97,3.97,6.93,4.03,0.88,4.46,9.21,3.97,9.55,1.12,9.52,2.43,0.00,7.07,5.30,7.05,7.58,12.10,7.05,7.38,6.64,5.21,1.83,3.52,10.00,1.64,0.77,0.00,0.80,5.24,10.00,8.08,5.00,7.69,5.57,4.95,7.36,8.00,7.57,3.00,6.07,4.04,4.44,9.77,5.83,8.25,7.90,6.71,6.82
2020,CMR,Cameroon,5.76,144,4,7.52,14.44,9.53,2.21,7.96,22.14,5.00,39.00,4.00,43.00,4.50,6.45,7.19,3.49,3.09,4.29,4.17,3.76,2.17,3.97,5.07,0.47,2.76,9.52,2.42,9.61,0.97,9.51,2.44,0.00,7.16,7.00,4.50,6.36,18.20,6.29,9.28,6.55,5.32,0.00,2.66,10.00,1.64,1.54,0.00,1.06,5.07,5.00,7.54,10.00,7.51,7.23,4.79,6.63,8.00,7.01,10.00,7.28,4.23,3.56,9.27,1.78,8.83,3.01,5.11,6.63
2020,COD,"Congo, Dem. Rep.",5.36,156,4,8.86,9.88,9.92,0.80,10.00,10.11,5.00,40.00,2.00,51.00,3.50,5.91,7.64,3.49,2.33,3.25,2.50,2.82,0.97,5.96,3.15,0.76,2.70,7.26,13.71,2.69,18.27,7.72,11.40,5.00,5.67,9.11,1.34,7.80,11.00,7.58,6.05,8.16,5.09,0.00,2.55,10.00,1.64,0.77,0.00,0.80,5.38,0.00,9.06,8.00,5.69,1.67,3.94,6.33,8.00,10.00,3.00,5.49,3.20,0.00,9.59,2.54,8.90,6.12,5.06,5.41
2020,COG,"Congo, Rep.",5.08,158,4,5.00,23.01,9.01,4.15,10.00,6.36,5.00,40.00,3.00,46.00,4.00,3.77,6.35,3.90,3.39,3.69,5.00,2.87,3.01,4.51,,0.59,2.99,8.52,-7.41,4.49,13.78,9.64,1.82,0.00,5.66,9.32,1.02,7.62,11.90,7.00,7.50,7.98,4.41,0.00,2.21,10.00,1.64,1.54,0.00,1.06,5.31,0.00,10.00,4.00,4.67,1.10,5.05,6.64,4.00,7.53,10.00,5.72,3.25,2.67,7.75,4.28,8.23,3.25,4.91,5.10
2020,COL,Colombia,6.55,99,3,5.81,20.23,7.48,9.76,6.58,26.97,7.00,39.00,7.00,39.00,7.00,7.64,6.90,5.45,4.75,5.13,4.17,4.61,3.11,9.06,4.33,0.94,4.93,9.06,4.72,9.29,1.77,9.50,2.53,5.00,8.21,9.27,1.09,8.84,5.80,6.36,9.11,8.16,4.77,3.89,4.33,8.62,4.17,2.31,0.00,2.16,5.82,10.00,4.95,10.00,8.32,8.90,3.67,6.67,10.00,4.82,1.00,5.84,2.80,6.00,9.53,4.86,8.75,7.14,6.51,6.89
2020,COM,Comoros,6.31,115,3,9.09,9.08,,,3.05,39.34,8.00,30.00,7.00,34.00,7.50,7.64,6.82,5.08,2.08,4.33,,5.00,1.65,6.93,,0.71,3.56,9.28,3.62,9.38,1.56,9.84,0.80,0.00,7.12,,,6.84,15.80,0.00,31.76,3.42,,6.37,6.37,10.00,1.64,4.17,10.00,5.27,6.26,,7.83,10.00,8.91,6.67,,,6.00,8.32,10.00,7.75,,2.00,8.86,4.42,9.17,8.88,6.67,7.78
2020,CPV,Cabo Verde,7.60,30,1,4.55,24.53,9.05,3.98,10.00,10.41,8.00,28.00,4.00,44.00,6.00,7.69,7.46,6.55,5.80,5.44,,7.43,6.06,8.92,5.55,1.00,6.54,9.40,3.02,9.59,1.03,9.88,0.61,10.00,9.72,7.64,3.54,7.96,10.20,4.74,13.16,6.78,5.11,6.66,5.88,10.00,8.80,9.23,0.00,6.01,7.17,10.00,7.31,10.00,9.10,3.90,4.66,6.65,8.00,5.07,1.00,4.88,4.53,6.44,9.58,6.40,9.27,7.98,7.37,7.12
2020,CRI,Costa Rica,7.62,29,1,5.38,21.70,8.47,6.12,9.31,17.41,9.00,25.00,4.00,44.00,6.50,7.56,7.44,7.32,6.15,6.61,10.00,6.59,3.52,8.67,6.03,0.94,6.66,9.49,2.54,9.64,0.89,9.86,0.73,10.00,9.75,8.71,1.93,8.88,5.60,6.39,9.02,8.00,4.97,7.47,6.22,10.00,10.00,6.15,4.78,6.98,7.80,5.00,3.59,10.00,6.20,2.23,4.32,5.91,8.00,5.66,10.00,6.02,2.78,4.67,9.16,9.21,8.67,8.31,7.13,6.45
2020,CYP,Cyprus,7.49,38,1,4.74,23.87,4.39,21.08,10.00,13.05,7.00,35.00,6.00,39.00,6.50,7.71,6.67,6.83,6.23,6.62,8.33,8.13,4.00,7.30,6.40,0.88,6.33,7.06,14.71,9.49,1.28,9.87,-0.64,10.00,9.10,8.60,2.10,8.98,5.10,6.51,8.72,8.03,6.79,9.32,8.05,10.00,10.00,5.38,5.00,6.80,8.22,10.00,3.50,10.00,7.83,5.57,4.95,6.29,10.00,10.00,1.00,6.30,4.45,7.56,9.75,7.90,5.00,8.66,7.22,7.12
2020,CZE,Czech Republic,7.75,17,1,2.30,32.19,4.12,22.09,9.57,16.49,9.00,22.00,5.00,45.00,7.00,8.45,6.29,6.83,6.28,6.23,10.00,7.88,4.28,8.17,6.64,1.00,7.04,8.91,5.46,9.44,1.41,9.37,3.16,10.00,9.43,8.60,2.10,8.98,5.10,6.51,8.72,8.03,6.55,9.98,8.26,10.00,10.00,3.08,5.00,6.03,8.08,10.00,7.88,9.00,8.96,8.90,4.24,7.82,10.00,7.76,10.00,8.12,2.91,6.22,9.20,7.21,6.91,7.42,6.65,7.91
2020,DEU,Germany,7.65,25,1,2.75,30.64,1.83,30.48,10.00,12.12,5.00,47.00,5.00,47.00,5.00,8.62,5.64,7.62,7.90,7.18,10.00,8.59,7.04,6.85,6.83,1.00,7.75,7.17,14.16,9.87,0.33,9.90,0.51,10.00,9.23,8.60,2.10,8.98,5.10,6.51,8.72,8.03,6.56,9.18,7.87,10.00,10.00,3.08,5.00,6.03,7.98,5.00,8.47,9.00,7.49,8.90,6.10,6.01,8.00,6.26,10.00,7.54,5.69,6.00,9.58,9.91,8.86,7.56,7.93,7.66
2020,DJI,Djibouti,6.21,119,3,4.19,25.76,,,5.60,30.41,8.00,30.00,4.00,43.00,6.00,4.73,5.13,6.10,3.99,4.33,,4.31,3.16,7.71,,0.65,4.06,0.00,54.38,9.54,1.14,9.64,1.78,10.00,7.30,,,5.82,20.90,6.66,8.36,6.24,,4.62,4.62,10.00,7.00,3.85,10.00,6.95,6.95,,9.61,9.00,9.30,1.10,,,6.00,10.00,10.00,6.78,,1.56,9.13,5.07,8.53,9.15,6.69,7.59
2020,DNK,Denmark,8.09,5,1,1.49,34.92,5.01,18.80,9.73,15.96,3.00,52.00,2.00,56.00,2.50,7.47,5.24,8.55,8.36,8.33,10.00,9.62,6.57,9.73,8.09,1.00,8.66,9.26,3.69,9.61,0.99,9.92,0.42,10.00,9.70,8.60,2.10,8.98,5.10,6.51,8.72,8.03,6.70,9.98,8.34,10.00,10.00,6.92,5.00,7.31,8.42,10.00,9.81,10.00,9.94,10.00,7.04,5.59,8.00,10.00,3.00,7.27,4.79,6.22,9.85,9.14,9.87,8.52,8.07,8.43
2020,DOM,Dominican Republic,7.36,48,2,7.25,15.34,9.60,1.97,10.00,10.36,9.00,25.00,7.00,33.00,8.00,8.59,8.69,4.77,4.54,5.46,5.00,5.23,3.53,8.26,3.02,1.00,4.98,8.82,5.88,9.38,1.55,9.24,3.78,10.00,9.36,8.81,1.78,8.48,7.60,5.96,10.11,7.75,5.48,8.88,7.18,10.00,8.20,3.85,0.00,4.02,7.24,5.00,6.57,10.00,7.19,5.57,4.42,6.07,8.00,2.78,10.00,6.14,3.27,5.11,9.33,5.82,7.55,6.45,6.25,6.53
2020,DZA,Algeria,5.12,157,4,3.10,29.45,7.82,8.51,4.00,36.01,7.00,35.00,2.00,53.00,4.50,2.63,4.41,4.09,4.04,5.13,3.33,4.79,4.39,6.63,6.35,0.71,4.13,8.01,9.96,8.00,5.01,9.52,2.42,5.00,7.63,8.48,2.28,6.22,18.90,5.92,10.21,6.87,4.56,0.48,2.52,4.36,1.64,0.77,0.00,0.80,3.64,0.00,8.01,10.00,6.00,5.57,5.03,6.52,6.00,7.76,3.00,5.65,4.22,2.22,9.31,2.58,8.77,7.03,5.69,5.78
2020,ECU,Ecuador,6.51,106,3,6.02,19.52,9.59,2.00,8.28,21.02,7.00,35.00,4.00,48.00,5.50,6.29,7.14,3.93,3.70,4.46,2.50,5.05,4.31,8.82,4.64,1.00,4.68,9.86,-0.70,9.46,1.34,9.93,-0.34,5.00,8.56,6.53,5.20,7.54,12.30,4.93,12.67,6.34,3.89,5.24,4.57,10.00,7.00,1.54,0.00,2.85,5.94,8.00,7.57,10.00,8.52,4.43,2.56,6.22,6.00,0.65,10.00,4.98,2.47,3.11,8.10,5.81,8.76,2.56,5.14,6.21
2020,EGY,"Egypt, Arab Rep.",5.61,150,4,9.28,8.45,7.07,11.25,0.00,61.44,9.00,25.00,5.00,40.00,7.00,3.09,5.29,5.63,4.25,6.90,1.67,4.68,3.33,8.20,6.39,0.41,3.62,8.05,9.75,6.80,7.99,8.99,5.05,10.00,8.46,8.28,2.58,6.20,19.00,0.00,138.89,4.83,5.75,2.02,3.89,10.00,4.17,4.62,0.00,2.93,5.41,2.00,2.90,10.00,4.97,10.00,4.91,7.84,8.00,0.65,0.00,5.23,4.03,4.00,9.39,2.29,8.10,5.85,5.61,5.27
2020,ESP,Spain,7.63,28,1,3.51,28.08,4.81,19.53,10.00,12.63,5.00,45.00,5.00,45.00,5.00,7.78,6.22,7.00,6.74,6.31,8.33,8.56,5.29,7.75,8.86,1.00,7.35,7.07,14.65,9.83,0.43,9.94,-0.32,10.00,9.21,8.60,2.10,8.98,5.10,6.51,8.72,8.03,6.61,9.98,8.29,10.00,10.00,3.08,5.00,6.03,8.09,10.00,4.89,10.00,8.30,3.90,3.71,6.80,8.00,5.07,10.00,6.25,3.14,5.33,9.52,9.30,8.51,8.40,7.37,7.30
2020,EST,Estonia,7.95,8,1,2.96,29.92,4.82,19.50,8.89,18.90,10.00,20.00,4.00,42.00,7.00,7.75,6.29,7.79,7.17,7.38,8.33,7.73,5.98,9.50,8.31,1.00,7.78,7.52,12.39,9.22,1.94,9.91,-0.45,10.00,9.16,8.60,2.10,8.98,5.10,6.51,8.72,8.03,7.02,9.94,8.48,10.00,10.00,5.38,5.00,6.80,8.33,10.00,10.00,9.00,9.67,6.67,5.98,8.67,4.00,9.25,3.00,6.26,5.20,8.89,9.83,9.65,9.24,9.44,8.71,8.21
2020,ETH,Ethiopia,5.58,151,4,8.37,11.53,8.75,5.09,5.96,29.15,7.00,35.00,3.00,48.00,5.00,4.00,6.42,3.99,4.20,4.05,3.33,5.72,5.55,7.04,3.94,0.88,4.45,8.02,9.88,8.23,4.43,5.92,20.40,0.00,5.54,6.61,5.09,6.52,17.40,5.34,11.66,6.15,4.35,9.81,7.08,4.84,1.64,0.00,0.00,0.55,4.66,2.00,8.97,10.00,6.99,6.67,4.15,3.74,10.00,7.04,10.00,6.93,3.74,3.78,9.20,5.51,9.02,8.63,6.65,6.86
2020,FIN,Finland,7.64,26,1,2.26,32.33,3.45,24.53,8.46,20.39,3.00,48-54,2.00,54-59,2.50,6.88,4.71,8.57,8.67,9.34,10.00,9.64,6.29,7.52,9.54,1.00,8.70,7.10,14.50,9.79,0.53,9.94,0.29,10.00,9.21,8.60,2.10,8.98,5.10,6.51,8.72,8.03,7.94,9.13,8.54,10.00,10.00,3.08,1.56,4.88,7.86,10.00,7.79,10.00,9.26,3.90,4.32,2.80,8.00,10.00,3.00,5.34,6.49,7.56,9.56,8.93,9.86,8.99,8.56,7.72
2020,FJI,Fiji,6.53,104,3,4.61,24.31,9.50,2.32,7.87,22.47,5.00,49.00,5.00,49.00,5.00,6.54,6.70,4.19,6.05,4.41,,6.55,4.88,7.71,,0.94,5.47,9.57,2.17,8.78,3.04,9.48,-2.60,0.00,6.96,6.93,4.60,7.72,11.40,0.00,33.63,4.88,5.86,6.53,6.19,10.00,1.64,0.00,0.00,0.55,5.41,10.00,8.70,10.00,9.57,8.90,5.45,5.25,10.00,8.27,10.00,7.98,4.58,6.44,8.57,5.08,8.62,7.23,6.75,8.10
2020,FRA,France,7.33,54,2,2.34,32.06,2.45,28.22,9.63,16.28,4.00,51.00,2.00,61-62,3.00,7.16,4.92,7.14,7.26,7.03,8.33,8.19,5.64,6.81,7.10,1.00,7.19,7.05,14.74,9.66,0.84,9.90,0.48,10.00,9.15,8.60,2.10,8.98,5.10,6.51,8.72,8.03,6.01,9.98,8.00,10.00,10.00,5.38,5.00,6.80,8.21,8.00,5.72,10.00,7.91,2.23,4.45,6.63,4.00,8.13,10.00,5.91,4.28,7.33,9.86,9.33,7.44,8.44,7.78,7.20
2020,GAB,Gabon,5.72,146,4,4.74,23.87,9.45,2.53,10.00,13.02,5.00,40.00,2.00,53.00,3.50,5.45,6.63,4.23,3.32,4.17,3.33,5.06,2.92,4.86,2.78,0.41,2.71,9.64,-1.82,7.44,6.39,9.76,1.18,0.00,6.71,7.33,4.00,6.46,17.70,6.18,9.56,6.66,4.22,3.57,3.89,10.00,1.64,1.54,0.00,1.06,5.40,5.00,10.00,10.00,8.33,7.23,4.35,5.86,8.00,8.50,10.00,7.33,3.44,4.22,9.53,8.05,6.43,2.92,5.77,7.14
2020,GBR,United Kingdom,7.71,22,1,3.89,26.78,4.21,21.76,9.25,17.64,6.00,45.00,2.00,64.00,4.00,8.29,5.93,7.78,7.47,7.49,10.00,8.18,6.07,8.02,6.98,1.00,7.75,9.21,3.94,9.40,1.50,9.80,0.99,10.00,9.60,8.60,2.10,8.98,5.10,6.51,8.72,8.03,6.62,9.32,7.97,10.00,10.00,4.62,0.00,4.87,7.72,8.00,1.09,10.00,6.36,8.90,6.64,7.40,8.00,8.53,10.00,8.25,5.56,5.33,9.86,9.72,9.52,8.72,8.12,7.58
2020,GEO,Georgia,7.78,15,1,7.23,15.42,6.18,14.51,5.68,30.12,10.00,20.00,10.00,20.00,10.00,7.38,7.29,5.50,5.73,6.25,,6.52,6.80,9.98,7.07,1.00,6.83,7.78,11.09,9.49,1.28,8.96,5.20,10.00,9.06,9.89,0.16,9.72,1.40,8.71,3.22,9.44,6.50,9.58,8.04,10.00,10.00,6.92,0.00,5.64,8.28,10.00,2.61,10.00,7.54,6.67,5.79,7.08,8.00,9.25,3.00,6.63,6.08,7.78,9.95,7.50,9.89,7.58,8.13,7.43
2020,GHA,Ghana,6.49,110,3,8.96,9.52,9.25,3.27,10.00,8.99,8.00,30.00,4.00,41.00,6.00,8.10,8.46,6.07,4.40,5.40,5.00,6.04,3.72,7.37,5.09,0.94,5.23,7.77,11.13,8.44,3.89,8.02,9.89,0.00,6.06,8.68,1.98,7.58,12.10,7.05,7.38,7.77,5.63,3.96,4.80,10.00,0.00,3.85,0.00,1.28,5.96,8.00,3.62,10.00,7.21,10.00,5.61,6.31,8.00,0.00,10.00,6.65,4.76,4.67,9.45,3.65,8.14,7.47,6.36,6.74
2020,GIN,Guinea,5.84,141,4,6.21,18.89,,,8.27,21.06,5.00,40.00,2.00,52.00,3.50,5.86,5.96,4.34,3.56,3.99,0.83,3.96,5.39,7.59,5.30,0.82,3.99,8.00,10.02,7.58,6.06,7.88,10.60,5.00,7.11,9.26,1.11,7.58,12.10,7.05,7.38,7.96,4.08,1.91,3.00,10.00,0.00,0.83,0.00,0.28,5.31,,8.79,10.00,9.40,5.57,4.53,6.32,6.00,8.13,3.00,5.59,4.42,3.33,9.15,2.51,8.44,5.52,5.56,6.85
2020,GMB,"Gambia, The",7.23,58,2,8.92,9.67,9.58,2.04,1.17,45.89,9.00,25.00,9.00,25.00,9.00,7.51,7.24,6.14,5.62,5.05,3.33,6.45,3.76,6.06,6.53,0.88,5.05,8.70,6.50,9.64,0.90,8.81,5.93,10.00,9.29,6.86,4.71,7.58,12.10,7.05,7.38,7.16,5.46,4.80,5.13,8.54,10.00,7.69,0.00,5.90,6.68,10.00,9.35,8.00,9.12,10.00,5.17,6.86,10.00,5.51,10.00,7.92,5.45,4.00,9.22,6.75,8.09,6.35,6.64,7.89
2020,GNB,Guinea-Bissau,5.64,149,4,6.81,16.83,9.51,2.29,2.97,39.60,10.00,12.00,8.00,30.00,9.00,5.98,6.86,4.05,2.99,1.52,4.17,4.68,3.30,7.32,,0.41,2.83,9.64,1.80,8.27,4.33,9.70,1.50,0.00,6.90,6.65,5.03,7.58,12.10,7.05,7.38,7.09,5.76,4.33,5.04,10.00,1.64,0.77,0.00,0.80,5.73,10.00,6.64,5.00,7.21,3.33,4.98,7.08,8.00,2.52,3.00,4.82,3.22,2.89,8.78,2.88,8.54,7.56,5.64,5.89
2020,GRC,Greece,6.81,85,3,4.53,24.59,2.69,27.32,6.87,25.97,4.00,54.00,1.00,67.00,2.50,7.67,4.85,6.21,4.75,5.00,8.33,7.44,3.07,7.93,5.12,1.00,5.98,6.78,16.11,9.70,0.76,9.75,-1.25,10.00,9.06,8.60,2.10,8.98,5.10,6.51,8.72,8.03,6.24,9.44,7.84,10.00,10.00,5.38,5.00,6.80,8.17,10.00,0.00,9.00,6.33,5.57,4.60,5.58,6.00,5.51,3.00,5.04,2.62,4.67,9.86,7.05,7.98,7.84,6.67,6.01
2020,GTM,Guatemala,7.59,31,1,8.19,12.14,8.96,4.33,10.00,9.73,10.00,7.00,9.00,21.00,9.50,9.31,9.19,5.12,3.66,5.31,6.67,4.78,3.39,8.36,3.32,0.94,4.93,8.80,5.99,9.80,0.50,9.36,3.21,10.00,9.49,9.31,1.03,8.88,5.60,7.51,6.22,8.57,5.46,6.62,6.04,10.00,10.00,6.92,0.00,5.64,7.56,10.00,7.34,10.00,9.11,3.33,4.71,6.90,4.00,1.27,10.00,5.04,3.37,5.33,9.34,4.24,7.22,7.22,6.12,6.76
2020,GUY,Guyana,5.82,142,4,5.51,21.26,,,0.00,53.55,5.00,40.00,3.00,50.00,4.00,6.31,3.96,5.60,5.06,4.43,6.67,4.56,4.45,7.62,5.80,0.94,5.36,9.93,-0.34,4.56,13.59,9.80,0.99,5.00,7.32,,,7.66,11.70,4.81,12.99,6.23,4.54,1.45,3.00,10.00,7.17,5.38,0.00,4.18,5.85,10.00,0.00,9.00,6.33,8.90,4.82,7.51,4.00,7.41,10.00,7.11,4.18,4.00,9.32,6.00,7.52,7.13,6.36,6.60
2020,HKG,"Hong Kong SAR, China",8.59,1,1,7.05,16.04,9.14,3.67,7.36,24.25,10.00,17.00,10.00,17.00,10.00,7.67,8.24,7.37,8.57,8.71,6.67,6.65,6.13,6.95,8.93,1.00,7.50,9.12,4.38,9.54,1.15,9.95,0.25,10.00,9.65,10.00,0.00,10.00,0.00,10.00,0.00,10.00,8.32,9.67,8.99,10.00,10.00,7.69,0.11,5.93,8.73,10.00,6.40,10.00,8.80,10.00,8.06,8.63,10.00,9.50,10.00,9.37,7.31,8.44,9.95,5.00,9.79,9.61,8.35,8.84
2020,HND,Honduras,7.04,70,2,7.20,15.51,10.00,0.17,9.66,16.19,9.00,27.00,9.00,27.00,9.00,8.48,8.87,4.66,3.57,4.43,4.17,4.29,2.64,7.59,3.51,0.94,4.23,8.39,8.03,9.54,1.14,9.31,3.47,10.00,9.31,9.48,0.78,8.84,5.80,6.66,8.35,8.33,5.19,4.10,4.64,10.00,1.64,2.31,0.00,1.32,6.07,10.00,7.90,9.00,8.97,0.00,4.56,5.74,8.00,2.52,10.00,5.14,2.97,4.22,8.36,4.60,8.75,7.72,6.10,6.74
2020,HRV,Croatia,7.16,61,2,3.26,28.91,5.48,17.10,7.08,25.23,5.00,36-42,1.00,56-60,3.00,6.66,5.10,5.56,4.83,4.59,8.33,7.16,4.64,8.39,5.44,1.00,6.12,8.93,5.33,9.64,0.90,9.97,0.16,10.00,9.64,8.60,2.10,8.98,5.10,6.51,8.72,8.03,6.72,9.98,8.35,10.00,7.00,4.62,3.67,5.10,7.87,8.00,6.62,10.00,8.21,5.57,2.64,6.72,6.00,7.51,10.00,6.41,1.58,6.67,9.29,6.22,8.52,7.69,6.66,7.09
2020,HTI,Haiti,6.57,96,3,9.71,7.00,9.92,0.81,8.90,18.85,8.00,30.00,4.00,42.00,6.00,8.43,8.59,3.78,2.92,2.68,0.00,2.74,3.88,2.76,2.39,0.82,2.41,8.41,7.93,8.60,3.51,5.44,22.80,5.00,6.86,,,9.02,4.90,7.41,6.47,8.22,3.71,7.27,5.49,10.00,10.00,6.15,10.00,8.72,8.11,8.00,9.14,7.00,8.05,6.67,4.65,6.94,10.00,10.00,10.00,8.04,2.32,0.67,4.97,2.21,9.30,7.94,4.57,6.89
2020,HUN,Hungary,7.24,57,2,2.99,29.82,6.02,15.11,7.44,23.96,10.00,15.00,5.00,40.00,7.50,5.35,5.86,5.42,5.59,4.95,10.00,6.28,4.62,8.03,5.91,1.00,6.35,8.44,7.82,9.25,1.86,9.33,3.33,10.00,9.26,8.60,2.10,8.98,5.10,6.51,8.72,8.03,5.71,9.97,7.84,10.00,10.00,3.85,0.00,4.62,7.62,8.00,6.86,9.00,7.95,7.23,5.02,6.24,4.00,7.76,10.00,6.71,3.30,6.22,9.61,6.52,7.78,6.90,6.72,7.13
2020,IDN,Indonesia,7.09,66,2,7.76,13.61,9.56,2.12,10.00,11.13,8.00,30.00,7.00,35.00,7.50,4.71,7.91,5.85,4.92,6.15,4.17,5.28,4.33,6.69,5.62,0.82,4.90,9.46,2.68,9.24,1.89,9.62,1.92,10.00,9.58,9.55,0.68,,,,,9.55,5.53,4.38,4.96,10.00,4.17,1.54,0.00,1.90,6.60,5.00,8.01,10.00,7.67,1.10,5.83,6.34,10.00,0.00,5.00,4.71,5.08,5.78,9.54,6.10,7.65,7.86,7.00,6.46
2020,IND,India,6.72,89,3,6.59,17.58,8.23,7.00,7.40,24.10,7.00,43.00,7.00,43.00,7.00,8.35,7.52,6.23,5.82,5.69,6.67,6.86,4.43,6.34,5.34,0.88,5.57,9.12,4.39,9.75,0.63,8.68,6.62,5.00,8.14,9.09,1.37,7.00,15.00,3.46,16.35,6.52,5.76,7.35,6.55,10.00,1.64,0.00,0.00,0.55,5.90,2.00,5.84,10.00,5.95,6.67,5.26,6.28,4.00,6.30,10.00,6.42,5.18,6.00,9.37,5.67,9.18,7.18,7.10,6.49
2020,IRL,Ireland,7.86,10,1,1.90,33.54,6.91,11.85,10.00,6.10,6.00,40.00,3.00,52.00,4.50,7.56,6.17,7.83,7.14,7.89,10.00,9.23,4.72,7.27,7.81,1.00,7.74,8.15,9.27,9.19,2.03,9.93,-0.34,10.00,9.32,8.60,2.10,8.98,5.10,6.51,8.72,8.03,6.73,9.09,7.91,10.00,10.00,7.69,0.00,5.90,7.96,8.00,8.66,9.00,8.55,8.90,5.14,7.15,10.00,6.37,10.00,7.93,4.90,6.44,9.65,9.26,8.24,9.09,7.93,8.14
2020,IRN,"Iran, Islamic Rep.",4.96,159,4,6.44,18.09,7.99,7.88,9.37,17.20,7.00,35.00,7.00,35.00,7.00,4.15,6.99,3.52,2.99,4.22,6.67,4.99,4.62,8.17,5.13,0.41,3.56,8.59,7.05,3.35,16.62,2.72,36.40,10.00,6.17,7.52,3.72,5.98,20.10,2.60,18.49,5.37,4.94,4.39,4.66,0.00,0.00,0.83,0.00,0.28,2.58,0.00,9.22,10.00,6.41,7.77,3.88,5.31,8.00,2.52,1.00,4.74,2.40,0.00,7.67,5.67,8.79,7.58,5.35,5.50
2020,IRQ,Iraq,5.51,153,4,3.75,27.27,7.86,8.36,0.41,48.56,10.00,15.00,8.00,28.00,9.00,4.46,5.09,4.94,2.56,,2.50,3.37,4.84,6.64,,0.47,3.05,8.64,-6.82,4.13,14.68,9.89,0.57,10.00,8.16,9.67,0.50,0.00,0.00,0.00,0.00,3.22,5.51,0.46,2.99,10.00,,2.31,0.00,1.15,4.34,,10.00,9.00,9.50,2.23,5.84,6.19,6.00,6.55,10.00,6.13,5.15,0.00,8.74,1.67,8.20,6.50,5.04,6.89
2020,ISL,Iceland,7.73,20,1,1.42,35.18,6.81,12.19,9.80,15.71,4.00,46.00,3.00,54.00,3.50,7.18,5.74,7.93,8.36,8.20,10.00,9.05,6.78,8.75,9.02,1.00,8.51,9.39,3.07,9.42,1.44,9.43,2.85,10.00,9.56,9.91,0.13,9.38,3.10,4.27,14.32,7.85,5.47,8.78,7.12,10.00,7.60,5.38,5.00,6.00,7.74,2.00,4.95,10.00,5.65,5.57,7.15,4.70,8.00,10.00,10.00,7.57,5.00,7.11,9.59,8.43,9.55,8.43,8.02,7.08
2020,ISR,Israel,7.35,49,2,2.24,32.40,6.48,13.43,10.00,12.32,5.00,50.00,5.00,50.00,5.00,7.58,6.26,6.91,6.98,7.40,4.17,8.22,4.61,6.93,6.82,0.88,6.12,8.96,5.21,9.72,0.71,9.88,-0.59,10.00,9.64,9.75,0.38,9.30,3.50,6.33,9.17,8.46,5.79,7.40,6.59,10.00,10.00,6.15,0.00,5.38,7.61,10.00,5.87,10.00,8.62,8.90,5.80,6.97,8.00,2.52,0.00,5.36,4.22,8.22,9.62,7.45,7.65,7.38,7.42,7.14
2020,ITA,Italy,7.40,44,2,3.96,26.53,2.26,28.92,10.00,14.50,4.00,44-47,1.00,61-63,2.50,7.81,5.30,6.18,5.00,5.63,10.00,7.11,3.54,8.25,6.41,1.00,6.51,6.86,15.72,9.90,0.24,9.97,-0.14,10.00,9.18,8.60,2.10,8.98,5.10,6.51,8.72,8.03,6.02,9.98,8.00,10.00,10.00,6.92,5.00,7.31,8.34,10.00,8.64,10.00,9.55,5.57,3.33,3.82,8.00,10.00,10.00,6.79,1.76,6.22,9.50,7.29,7.82,7.33,6.65,7.66
2020,JAM,Jamaica,7.38,45,2,7.31,15.13,8.38,6.45,10.00,10.32,8.00,30.00,5.00,40.00,6.50,8.43,8.12,6.72,5.74,5.74,8.33,5.66,3.27,8.72,4.25,0.94,5.88,8.00,9.98,9.34,1.64,8.95,5.23,10.00,9.07,2.35,11.48,8.28,8.60,5.49,11.27,5.37,6.13,5.70,5.91,10.00,4.17,1.54,0.00,1.90,5.80,10.00,8.63,9.00,9.21,8.90,4.72,6.97,10.00,6.55,10.00,7.86,3.72,6.00,9.86,7.04,8.63,7.00,7.04,8.03
2020,JOR,Jordan,7.37,46,2,6.65,17.39,8.29,6.79,7.12,25.07,9.00,31.00,5.00,46.00,7.00,7.86,7.38,5.67,5.85,6.69,5.83,6.39,3.73,6.72,7.98,0.47,4.49,9.91,0.44,9.66,0.85,9.93,0.33,10.00,9.88,9.33,1.01,7.98,10.10,3.90,15.25,7.07,5.82,6.73,6.27,10.00,10.00,6.15,0.00,5.38,7.18,10.00,6.20,10.00,8.73,7.77,5.48,7.19,6.00,10.00,10.00,7.74,4.64,5.78,9.35,5.12,9.82,8.92,7.27,7.91
2020,JPN,Japan,7.82,12,1,3.44,28.31,4.12,22.07,8.31,20.91,3.00,56.00,3.00,56.00,3.00,9.37,5.65,7.84,7.82,8.69,8.33,8.63,5.54,8.01,8.72,0.94,7.71,9.48,2.60,9.82,0.45,10.00,-0.03,10.00,9.82,9.67,0.49,9.12,4.40,3.63,15.93,7.47,6.26,8.73,7.49,10.00,10.00,8.46,0.00,6.15,7.78,8.00,6.16,10.00,8.05,8.90,4.17,7.92,8.00,10.00,10.00,8.17,5.01,8.44,9.56,8.18,9.15,8.56,8.15,8.12
2020,KAZ,Kazakhstan,7.35,49,2,6.06,19.40,8.10,7.48,10.00,11.37,10.00,10.00,8.00,30.00,9.00,5.30,7.69,4.25,4.17,5.64,8.33,5.19,5.04,9.91,5.24,0.88,5.62,9.61,1.95,8.64,3.39,8.65,6.75,10.00,9.23,7.03,4.45,8.78,6.10,7.27,6.83,7.69,5.80,4.89,5.34,10.00,2.24,5.38,1.45,3.02,6.52,8.00,7.34,10.00,8.45,10.00,5.27,7.85,10.00,9.25,3.00,7.56,4.94,6.00,9.84,4.46,9.24,7.92,7.07,7.69
2020,KEN,Kenya,6.96,78,2,7.52,14.44,9.71,1.58,2.27,42.06,9.00,25.00,9.00,25.00,9.00,7.83,7.26,5.35,4.25,4.97,5.83,5.46,4.42,7.24,4.86,0.88,4.99,9.34,3.28,8.99,2.53,8.92,5.41,10.00,9.31,6.57,5.14,7.30,13.50,4.82,12.96,6.23,5.17,5.49,5.33,10.00,7.00,3.85,0.00,3.62,6.29,10.00,0.29,10.00,6.76,6.67,5.16,6.64,8.00,6.30,10.00,7.13,4.78,4.22,9.03,6.95,8.32,7.99,6.88,6.92
2020,KGZ,Kyrgyz Republic,6.97,77,2,6.16,19.05,7.15,10.96,,,10.00,10.00,7.00,32.00,8.50,7.11,7.23,4.53,3.56,4.28,,5.73,4.52,9.87,3.75,0.88,4.87,8.13,9.36,8.96,2.60,8.74,6.33,10.00,8.96,7.62,3.57,8.68,6.60,7.73,5.68,8.01,5.10,6.05,5.58,10.00,5.36,1.54,3.67,3.52,6.78,8.00,8.99,9.00,8.66,5.00,4.34,7.39,10.00,7.76,1.00,5.91,3.92,4.00,9.67,5.14,8.19,7.53,6.41,6.99
2020,KHM,Cambodia,7.13,63,2,9.65,7.19,9.10,3.81,8.79,19.25,10.00,20.00,10.00,20.00,10.00,7.84,9.07,3.20,3.11,4.50,,1.98,1.82,7.55,3.73,1.00,3.70,7.82,10.89,9.26,1.84,9.41,2.94,10.00,9.12,8.88,1.68,7.92,10.40,6.67,8.32,7.82,5.66,4.00,4.83,10.00,10.00,5.38,0.00,5.13,6.94,,8.76,9.00,8.88,6.67,5.07,5.72,10.00,6.30,5.00,6.46,4.27,5.11,6.04,2.32,4.99,8.06,5.13,6.82
2020,KOR,"Korea, Rep.",7.42,43,2,3.53,28.01,6.45,13.52,9.49,16.79,5.00,46.00,5.00,46.00,5.00,7.22,6.34,6.06,6.74,6.69,6.67,8.04,6.88,8.22,7.24,0.88,6.65,9.24,3.80,9.48,1.29,9.89,0.54,10.00,9.65,9.65,0.53,7.28,13.60,0.00,56.71,5.64,5.63,9.58,7.60,10.00,10.00,6.15,0.00,5.38,7.16,8.00,9.39,10.00,9.13,5.57,4.24,6.31,10.00,2.52,0.00,4.77,3.76,9.11,9.59,7.88,9.99,8.05,8.06,7.32
2020,KWT,Kuwait,6.73,88,3,0.92,36.88,6.90,11.89,6.46,27.40,10.00,0.00,10.00,20.00,10.00,5.38,5.93,6.13,6.04,5.73,8.33,6.74,5.07,9.51,6.60,0.47,4.98,9.58,2.10,5.15,12.12,9.58,2.10,10.00,8.58,9.38,0.93,9.06,4.70,7.88,5.31,8.77,5.21,4.10,4.65,10.00,7.00,3.85,0.00,3.62,6.76,10.00,10.00,10.00,10.00,10.00,5.41,6.35,4.00,4.39,3.00,5.52,4.83,2.44,9.36,4.94,9.23,8.90,6.62,7.38
2020,LAO,Lao PDR,6.50,109,3,6.78,16.94,9.86,1.02,7.38,24.16,9.00,25.00,9.00,25.00,9.00,3.08,7.22,5.14,3.88,4.59,,3.49,3.08,8.45,5.37,1.00,4.86,6.35,18.24,9.48,1.29,8.98,5.10,5.00,7.45,9.02,1.47,8.28,8.60,7.11,7.22,8.14,5.52,7.45,6.49,10.00,1.64,1.54,0.00,1.06,6.42,,8.25,10.00,9.13,5.57,4.46,6.61,10.00,1.02,1.00,4.78,4.38,3.33,6.62,4.29,9.41,5.94,5.66,6.52
2020,LBN,Lebanon,5.45,154,4,9.44,7.90,8.16,7.25,7.78,22.77,10.00,25.00,8.00,31.00,9.00,6.72,8.22,4.68,3.60,5.08,3.33,4.46,3.16,7.33,4.64,0.82,4.14,9.88,0.62,0.00,36.69,0.00,84.86,10.00,4.97,9.59,0.62,8.80,6.00,5.18,12.06,7.85,4.89,3.12,4.00,0.00,4.48,1.54,0.00,2.00,3.47,10.00,0.00,10.00,6.67,5.57,4.85,6.40,8.00,10.00,10.00,7.47,3.55,0.67,8.94,3.59,6.40,7.97,5.19,6.44
2020,LBR,Liberia,6.51,106,3,7.38,14.92,8.64,5.47,4.11,35.63,9.00,25.00,7.00,33.00,8.00,7.12,7.05,5.56,3.22,4.16,5.00,4.53,2.87,4.80,4.38,1.00,4.31,9.86,-0.68,8.84,2.89,6.60,17.00,10.00,8.83,6.43,5.35,7.58,12.10,7.05,7.38,7.02,5.04,0.00,2.52,10.00,7.17,8.46,0.00,5.21,6.19,8.00,0.00,9.00,5.67,6.67,4.92,6.51,8.00,3.09,10.00,6.53,3.24,2.89,9.36,4.79,9.46,8.44,6.36,6.19
2020,LBY,Libya,4.95,160,4,0.00,51.17,,,,,10.00,14.00,9.00,25.00,9.50,5.44,4.98,4.45,2.08,3.28,5.00,5.21,3.62,,4.66,0.71,3.45,9.31,3.47,2.78,18.05,9.44,2.80,10.00,7.88,,,,,0.00,,0.00,3.52,4.26,3.89,7.58,1.64,0.77,0.00,0.80,3.07,,10.00,4.00,7.00,7.23,4.17,4.31,8.00,4.39,10.00,6.35,4.72,0.00,8.52,0.77,,0.03,2.81,5.39
2020,LKA,Sri Lanka,6.72,89,3,8.00,12.81,8.83,4.79,8.49,20.30,10.00,18.00,10.00,20.00,10.00,6.78,8.42,5.41,5.49,4.56,5.00,5.79,3.61,7.59,4.93,0.88,4.99,8.79,6.07,9.07,2.32,8.77,6.15,5.00,7.91,7.17,4.24,8.14,9.30,1.82,20.46,5.71,4.81,6.23,5.52,10.00,1.64,0.00,0.00,0.55,5.44,5.00,6.76,10.00,7.25,10.00,4.67,6.29,8.00,0.00,10.00,6.49,3.38,6.00,9.65,3.77,9.52,8.55,6.81,6.85
2020,LSO,Lesotho,6.52,105,3,3.23,29.02,7.77,8.67,0.02,49.94,8.00,30.00,8.00,30.00,8.00,7.31,5.27,5.93,4.52,4.12,,6.72,3.93,6.49,6.38,0.94,5.28,8.46,7.71,9.35,1.63,9.00,4.98,5.00,7.95,7.41,3.88,8.46,7.70,,10.93,7.94,3.35,9.81,6.58,10.00,1.64,1.54,0.00,1.06,6.39,10.00,10.00,10.00,10.00,6.67,4.28,4.37,8.00,6.55,10.00,6.64,4.45,4.67,9.46,5.77,7.91,6.33,6.43,7.69
2020,LTU,Lithuania,7.82,12,1,4.71,23.97,4.82,19.50,8.78,19.27,7.00,32.00,6.00,39.00,6.50,8.20,6.60,7.18,6.06,6.20,8.33,7.26,6.24,9.67,6.96,1.00,7.24,7.56,12.18,9.48,1.30,9.76,1.20,10.00,9.20,8.60,2.10,8.98,5.10,6.51,8.72,8.03,6.16,9.78,7.97,10.00,10.00,6.92,5.00,7.31,8.33,10.00,6.44,9.00,8.48,7.23,4.97,8.31,8.00,8.50,3.00,6.67,3.80,8.44,9.77,7.36,9.71,8.94,8.00,7.72
2020,LUX,Luxembourg,7.54,36,1,0.76,37.40,4.14,21.99,6.15,28.46,5.00,46.00,5.00,46.00,5.00,8.37,4.89,8.29,7.82,8.49,10.00,9.09,7.46,6.18,8.59,1.00,8.24,7.45,12.77,9.15,2.13,9.84,0.82,10.00,9.11,8.60,2.10,8.98,5.10,6.51,8.72,8.03,7.44,9.98,8.71,10.00,,3.85,5.00,4.43,7.79,8.00,8.07,9.00,8.36,2.23,5.67,6.78,6.00,8.50,10.00,6.53,5.89,6.44,9.40,9.68,8.39,9.38,8.20,7.69
2020,LVA,Latvia,7.77,16,1,3.98,26.46,5.76,16.05,7.62,23.32,7.00,31.00,4.00,47.00,5.50,8.11,6.20,6.95,6.01,6.18,8.33,8.22,5.53,9.03,6.20,1.00,7.06,7.53,12.34,9.28,1.79,9.96,0.22,10.00,9.19,8.60,2.10,8.98,5.10,6.51,8.72,8.03,6.76,9.42,8.09,10.00,10.00,6.92,5.00,7.31,8.36,10.00,8.45,8.00,8.82,5.00,5.06,8.03,10.00,7.76,10.00,7.64,4.25,8.22,9.81,8.18,7.79,8.11,7.73,8.06
2020,MAR,Morocco,6.55,99,3,4.01,26.36,8.24,6.96,9.59,16.42,5.00,38.00,3.00,46.00,4.00,7.29,6.63,5.96,5.41,7.16,6.67,6.28,4.88,7.52,8.08,0.76,5.73,9.53,2.37,9.86,0.34,9.86,0.71,0.00,7.31,9.32,1.02,7.54,12.30,3.16,17.10,6.67,6.74,8.08,7.41,10.00,1.64,0.77,0.00,0.80,6.22,8.00,7.17,10.00,8.39,1.10,4.72,7.26,8.00,5.29,3.00,4.89,5.23,6.00,9.67,4.29,9.97,8.26,7.24,6.84
2020,MDA,Moldova,7.05,69,2,6.82,16.80,5.96,15.33,10.00,13.03,10.00,12.00,5.00,36.00,7.50,7.37,7.53,4.96,4.39,4.89,6.67,6.22,4.32,9.57,4.42,1.00,5.68,8.64,6.82,9.66,0.84,9.25,3.77,5.00,8.14,9.26,1.11,8.94,5.30,7.80,5.51,8.67,6.12,8.79,7.46,10.00,1.64,0.77,0.00,0.80,6.73,10.00,6.96,10.00,8.99,5.57,4.72,7.58,6.00,6.79,3.00,5.61,4.02,6.44,9.83,6.73,6.38,7.95,6.89,7.16
2020,MDG,Madagascar,6.10,127,4,6.10,19.26,9.21,3.39,7.82,22.62,10.00,20.00,7.00,34.00,8.50,7.10,7.75,4.10,3.24,3.68,1.67,4.34,2.96,5.15,2.50,0.76,3.05,8.55,7.26,9.37,1.59,9.16,4.20,5.00,8.02,7.99,3.02,7.68,11.60,7.26,6.84,7.64,4.83,5.09,4.96,10.00,1.64,0.77,0.00,0.80,5.85,10.00,5.07,6.00,7.02,0.00,4.49,7.22,8.00,7.12,1.00,4.64,3.13,2.89,9.43,3.79,7.69,7.95,5.81,5.82
2020,MEX,Mexico,7.12,64,2,6.83,16.77,8.35,6.54,10.00,13.57,8.00,35.00,8.00,35.00,8.00,7.23,8.08,4.81,4.03,5.19,5.00,3.87,5.07,7.33,2.47,1.00,4.72,8.81,5.96,9.52,1.20,9.32,3.40,5.00,8.16,9.78,0.33,8.58,7.10,5.91,10.22,8.09,6.11,8.46,7.29,10.00,7.00,1.54,7.19,5.24,7.65,8.00,8.10,10.00,8.70,6.67,4.05,7.00,8.00,4.82,3.00,5.59,3.11,5.78,9.57,4.85,9.56,7.30,6.70,7.00
2020,MKD,North Macedonia,7.16,61,2,5.83,20.19,5.08,18.55,8.44,20.46,10.00,10.00,7.00,35.00,8.50,7.84,7.14,3.64,3.80,4.31,,5.49,3.95,8.38,3.91,0.94,4.64,9.02,4.92,9.12,2.20,9.76,1.20,5.00,8.22,9.59,0.62,8.66,6.70,6.57,8.58,8.27,4.95,9.61,7.28,10.00,4.48,3.08,8.74,5.43,7.75,10.00,9.37,10.00,9.79,7.23,4.33,5.74,8.00,7.38,10.00,7.11,3.31,8.00,9.49,4.67,9.43,8.67,7.26,8.05
2020,MLI,Mali,5.85,140,4,6.55,17.72,9.67,1.70,4.89,32.89,5.00,37.00,2.00,53.00,3.50,7.61,6.45,5.25,3.58,4.00,3.33,5.60,2.63,5.80,3.96,0.65,3.52,8.74,6.28,9.76,0.59,9.91,0.44,0.00,7.10,8.21,2.69,7.58,12.10,7.05,7.38,7.61,4.56,5.30,4.93,10.00,1.64,0.77,0.00,0.80,5.84,10.00,8.11,5.00,7.70,5.57,4.89,5.45,8.00,7.57,0.00,5.25,4.01,3.33,9.05,4.29,8.88,6.91,6.08,6.34
2020,MLT,Malta,7.72,21,1,2.24,32.39,5.96,15.31,10.00,10.43,7.00,35.00,7.00,35.00,7.00,6.81,6.40,6.68,6.42,6.82,10.00,7.78,5.35,5.24,5.29,0.94,6.50,7.64,11.78,9.84,0.41,9.87,0.64,10.00,9.34,8.60,2.10,8.98,5.10,6.51,8.72,8.03,7.05,8.92,7.98,10.00,10.00,7.69,5.00,7.57,8.40,10.00,5.65,10.00,8.55,7.23,5.16,7.32,8.00,10.00,10.00,7.95,4.79,6.89,9.27,6.85,8.00,8.44,7.37,7.96
2020,MMR,Myanmar,5.93,137,4,4.73,23.92,9.89,0.92,7.87,22.47,9.00,25.00,9.00,25.00,9.00,5.85,7.47,4.35,3.80,3.23,3.33,5.56,1.87,7.36,3.10,0.88,3.83,8.52,7.42,9.23,1.92,8.86,5.70,0.00,6.65,9.51,0.73,8.70,6.50,7.32,6.70,8.51,5.19,0.89,3.04,10.00,0.00,0.77,0.00,0.26,5.45,0.00,8.69,9.00,5.90,8.90,3.95,7.36,8.00,4.01,0.00,5.37,4.95,6.89,9.64,6.57,9.48,6.84,7.39,6.22
2020,MNE,Montenegro,7.46,40,1,5.36,21.77,,,5.18,31.88,10.00,10.00,5.00,39.00,7.50,7.58,6.40,6.07,5.58,5.56,,6.70,4.80,7.68,5.89,0.94,5.86,9.76,1.22,9.20,2.00,9.95,-0.26,10.00,9.73,7.80,3.30,9.26,3.70,7.88,5.29,8.31,5.73,9.29,7.51,10.00,,6.15,0.00,3.08,7.23,10.00,8.49,10.00,9.50,6.67,5.12,6.47,10.00,7.76,10.00,7.67,5.00,7.11,9.60,4.96,9.25,6.64,7.09,8.09
2020,MNG,Mongolia,7.30,56,2,5.67,20.73,7.53,9.57,6.89,25.90,10.00,10.00,7.00,31.00,8.50,6.97,7.11,5.27,4.33,4.27,8.33,5.96,6.25,9.11,5.05,1.00,6.07,7.99,10.04,8.52,3.69,9.26,3.69,10.00,8.94,8.85,1.72,8.96,5.20,9.00,2.50,8.94,4.99,2.59,3.79,10.00,8.36,0.77,0.00,3.04,6.44,,10.00,10.00,10.00,8.90,4.65,7.79,6.00,9.25,3.00,6.60,3.01,6.22,9.60,6.98,8.68,8.50,7.17,7.92
2020,MOZ,Mozambique,6.27,116,3,4.58,24.42,9.55,2.16,8.44,20.47,7.00,32.00,5.00,38.00,6.00,5.24,6.76,4.56,3.63,3.81,7.50,5.37,1.76,7.54,2.89,0.94,4.50,8.90,5.50,7.89,5.28,9.37,3.14,5.00,7.79,9.08,1.38,7.94,10.30,7.03,7.42,8.02,4.08,7.40,5.74,10.00,1.64,0.00,0.00,0.55,6.08,10.00,9.92,9.00,9.64,3.33,3.63,5.44,6.00,0.00,0.00,3.07,3.30,3.78,8.33,3.74,8.98,7.76,5.98,6.23
2020,MRT,Mauritania,6.13,125,4,6.37,18.35,0.00,0.00,10.00,10.98,5.00,40.00,5.00,40.00,5.00,7.28,5.73,3.61,2.77,3.20,,3.67,6.27,7.59,6.23,0.47,3.50,9.13,4.34,9.70,0.74,9.52,2.39,5.00,8.34,,,7.58,12.10,7.19,7.02,7.39,3.30,5.57,4.43,10.00,1.64,3.08,0.00,1.57,5.85,10.00,10.00,9.00,9.67,5.57,3.45,6.02,8.00,7.94,5.00,6.00,2.54,2.67,9.64,4.88,9.21,6.97,5.99,7.22
2020,MUS,Mauritius,7.88,9,1,5.86,20.08,8.39,6.42,7.44,23.97,10.00,15.00,10.00,15.00,10.00,7.82,7.90,6.81,6.36,7.19,,7.31,5.25,9.48,6.14,1.00,6.94,8.62,6.91,9.77,0.58,9.48,2.58,10.00,9.47,9.80,0.30,9.84,0.80,8.58,3.55,9.41,6.50,8.54,7.52,10.00,7.00,4.62,0.00,3.87,7.70,8.00,1.44,10.00,6.48,6.67,5.98,6.24,10.00,8.50,10.00,7.90,5.02,8.44,9.85,5.75,9.36,8.43,7.81,7.39
2020,MWI,Malawi,5.98,133,4,8.85,9.93,9.59,1.99,1.31,45.41,7.00,35.00,4.00,45.00,5.50,7.53,6.56,5.41,4.24,4.86,5.83,6.31,2.33,8.55,4.32,0.88,4.93,7.25,13.73,8.12,4.70,8.27,8.63,5.00,7.16,8.45,2.32,7.56,12.20,6.00,10.00,7.34,5.83,5.02,5.42,4.68,1.64,0.77,0.00,0.80,4.56,10.00,4.03,6.00,6.68,4.43,4.48,6.89,10.00,5.68,10.00,6.91,4.40,3.11,8.47,6.12,8.41,8.11,6.44,6.68
2020,MYS,Malaysia,7.35,49,2,6.59,17.60,8.05,7.66,7.13,25.06,9.00,30.00,9.00,30.00,9.00,4.84,7.12,6.31,6.73,7.52,8.33,6.44,5.73,8.63,7.38,0.65,5.88,4.22,28.89,9.28,1.79,9.77,-1.14,10.00,8.32,9.86,0.21,8.86,5.70,4.32,14.19,7.68,6.89,8.54,7.72,10.00,4.17,0.77,2.56,2.50,6.97,10.00,7.83,10.00,9.28,10.00,6.67,7.33,10.00,4.24,10.00,8.04,6.67,9.56,9.32,5.03,10.00,8.05,8.10,8.47
2020,NAM,Namibia,6.57,96,3,3.56,27.89,8.71,5.24,9.26,17.59,6.00,37.00,6.00,37.00,6.00,7.00,6.91,6.87,6.09,6.73,10.00,7.66,4.82,4.63,5.43,0.94,6.34,8.68,6.61,8.97,2.58,9.56,2.21,0.00,6.80,0.00,16.66,8.46,7.70,4.98,12.55,4.48,5.41,5.27,5.34,10.00,1.64,0.77,0.00,0.80,5.16,10.00,3.60,10.00,7.87,10.00,4.63,6.15,10.00,8.27,10.00,8.17,4.80,4.22,8.18,8.95,8.31,6.61,6.85,7.63
2020,NER,Niger,5.97,135,4,6.33,18.49,9.84,1.09,4.59,33.94,7.00,35.00,3.00,46.00,5.00,8.05,6.76,5.43,4.32,4.21,3.33,4.51,4.40,7.32,,0.53,3.66,9.90,-0.48,9.54,1.14,9.42,2.90,0.00,7.22,3.82,9.27,7.58,12.10,7.05,7.38,6.15,7.51,4.38,5.94,10.00,1.64,0.77,0.00,0.80,5.72,10.00,6.63,5.00,7.21,1.67,5.95,7.79,8.00,7.38,0.00,5.13,5.56,4.89,9.56,6.83,9.26,6.97,7.18,6.51
2020,NGA,Nigeria,6.70,92,3,8.50,11.11,9.87,0.99,10.00,12.06,9.00,24.00,5.00,38.00,7.00,6.95,8.46,5.01,3.31,4.04,3.33,4.48,5.09,4.55,3.05,0.82,3.75,9.13,4.35,9.50,1.24,7.36,13.20,10.00,9.00,,,7.58,12.10,7.05,7.38,7.31,6.31,0.57,3.44,4.46,3.00,5.38,0.00,2.79,4.50,10.00,7.46,9.00,8.82,10.00,6.06,7.72,10.00,10.00,10.00,8.96,2.85,2.22,9.49,3.40,9.20,6.15,5.55,7.78
2020,NIC,Nicaragua,6.84,82,2,6.29,18.61,10.00,0.42,2.30,41.94,8.00,30.00,3.00,47.00,5.50,6.01,6.02,2.88,2.52,4.00,4.17,3.21,5.14,6.97,5.09,1.00,4.25,9.77,1.14,9.64,0.91,9.26,3.68,10.00,9.67,9.64,0.54,8.86,5.70,7.06,7.35,8.52,5.06,6.07,5.57,10.00,10.00,5.38,0.00,5.13,7.30,10.00,9.18,9.00,9.39,6.67,4.98,5.53,2.00,6.26,10.00,5.91,3.32,3.56,8.86,2.44,7.24,7.75,5.53,6.94
2020,NLD,Netherlands,7.75,17,1,0.51,38.25,2.55,27.85,9.50,16.76,4.00,50.00,4.00,50.00,4.00,7.76,4.86,8.04,8.23,8.48,10.00,9.25,6.57,7.95,8.32,1.00,8.35,7.19,14.06,9.62,0.95,9.75,1.27,10.00,9.14,8.60,2.10,8.98,5.10,6.51,8.72,8.03,7.15,9.98,8.56,10.00,10.00,8.46,5.00,7.82,8.60,5.00,8.50,10.00,7.83,6.67,6.40,5.18,10.00,7.53,10.00,7.63,5.66,6.00,9.85,8.76,8.29,8.67,7.87,7.78
2020,NOR,Norway,7.58,32,1,0.68,37.70,3.87,22.99,7.47,23.86,6.00,38.00,3.00,53.00,4.50,7.08,4.72,8.46,8.30,7.93,10.00,9.47,7.30,9.12,7.98,1.00,8.57,9.16,4.20,8.46,3.85,9.74,1.29,10.00,9.34,9.89,0.16,8.82,5.90,0.00,27.44,6.24,5.41,9.85,7.63,10.00,10.00,4.62,5.00,6.54,7.60,10.00,8.09,10.00,9.36,7.23,4.54,4.73,6.00,10.00,0.00,5.42,4.75,6.67,9.85,9.58,9.13,9.11,8.18,7.65
2020,NPL,Nepal,6.54,103,3,8.94,9.62,9.33,2.96,8.98,18.58,5.00,36.00,5.00,36.00,5.00,7.74,8.00,5.21,3.57,4.70,,6.64,3.34,7.98,5.10,0.94,5.07,8.07,9.65,9.25,1.86,8.99,5.05,0.00,6.58,4.97,7.54,7.56,12.20,5.17,12.08,5.90,4.86,7.94,6.40,10.00,1.64,0.00,0.00,0.55,5.71,8.00,8.41,10.00,8.80,6.67,4.03,5.60,10.00,2.60,10.00,6.48,3.55,6.89,9.07,6.15,8.98,5.77,6.73,7.34
2020,NZL,New Zealand,8.27,4,1,4.22,25.65,4.92,19.13,7.92,22.28,7.00,33.00,7.00,34.00,7.00,7.40,6.29,8.66,8.48,8.09,10.00,8.77,7.18,9.90,8.68,1.00,8.72,9.30,3.49,9.36,1.60,9.66,1.72,10.00,9.58,8.55,2.17,9.62,1.90,8.96,2.60,9.04,7.45,8.74,8.09,10.00,10.00,6.92,0.00,5.64,8.19,10.00,6.67,9.00,8.56,8.90,5.28,7.62,10.00,10.00,10.00,8.63,5.19,8.44,9.98,9.65,9.40,8.43,8.52,8.57
2020,OMN,Oman,6.65,93,3,0.21,39.28,8.13,7.35,0.00,64.82,10.00,0.00,10.00,17.00,10.00,4.94,4.66,6.09,6.91,7.69,8.33,6.96,5.04,7.69,8.55,0.47,5.26,9.40,3.00,5.85,10.37,9.82,-0.90,10.00,8.77,9.63,0.56,8.88,5.60,5.00,12.49,7.84,6.02,8.56,7.29,10.00,10.00,5.38,0.00,5.13,7.56,10.00,0.00,10.00,6.67,8.90,5.42,7.15,2.00,,10.00,6.69,5.66,5.33,9.82,6.55,8.88,9.24,7.58,6.98
2020,PAK,Pakistan,6.03,130,4,7.68,13.90,9.22,3.37,9.29,17.47,7.00,35.00,7.00,35.00,7.00,7.34,8.11,5.35,3.30,4.71,2.50,4.88,3.50,6.64,4.73,0.71,3.80,8.83,5.83,8.37,4.08,8.05,9.74,0.00,6.31,7.93,3.10,7.58,12.10,5.60,11.01,7.04,4.99,4.33,4.66,10.00,1.64,0.77,0.00,0.80,5.62,8.00,5.27,10.00,7.76,1.10,5.37,5.48,6.00,2.60,10.00,5.09,4.65,5.11,9.40,1.70,8.87,6.83,6.09,6.31
2020,PAN,Panama,7.45,41,1,4.75,23.85,9.14,3.67,10.00,10.80,9.00,25.00,4.00,42.00,6.50,7.42,7.56,4.71,4.63,5.84,8.33,5.37,2.69,8.82,5.46,0.94,5.56,8.45,7.74,9.42,1.46,9.69,-1.55,10.00,9.39,9.61,0.58,8.98,5.10,6.21,9.49,8.27,5.87,8.90,7.39,10.00,10.00,10.00,0.00,6.67,8.08,8.00,6.17,10.00,8.06,2.23,3.63,5.99,4.00,4.13,10.00,5.00,3.95,6.22,9.75,6.65,9.20,5.43,6.87,6.64
2020,PER,Peru,7.50,37,1,5.95,19.77,9.55,2.15,7.78,22.76,8.00,30.00,3.00,48.00,5.50,9.04,7.56,5.32,3.80,4.24,7.50,5.68,4.68,8.54,3.02,1.00,5.35,9.72,1.41,9.52,1.20,9.60,2.00,10.00,9.71,9.73,0.40,9.52,2.40,8.43,3.94,9.23,5.51,6.65,6.08,10.00,10.00,8.46,0.00,6.15,7.86,8.00,5.39,9.00,7.46,3.90,2.80,7.51,10.00,7.04,10.00,6.87,2.55,6.44,9.07,6.41,8.68,7.09,6.71,7.02
2020,PHL,Philippines,7.09,66,2,6.79,16.90,9.07,3.90,8.83,19.10,7.00,35.00,7.00,32.00,7.00,7.93,7.92,4.88,3.82,5.82,4.17,4.78,4.18,7.93,3.34,0.82,4.44,9.28,3.61,9.55,1.12,9.47,2.64,10.00,9.58,6.57,5.15,8.78,6.10,7.34,6.65,7.56,5.99,5.09,5.54,10.00,4.48,0.77,0.00,1.75,6.21,8.00,7.71,10.00,8.57,7.77,5.03,6.99,10.00,2.52,10.00,7.05,3.32,5.33,8.70,3.51,8.96,8.08,6.32,7.31
2020,PNG,Papua New Guinea,6.17,122,3,3.50,28.10,8.04,7.69,,,5.00,42.00,5.00,42.00,5.00,6.04,5.64,5.67,4.86,3.58,7.50,5.41,1.01,6.93,5.65,0.82,4.63,9.42,-2.91,9.00,2.51,9.03,4.87,0.00,6.86,6.61,5.08,9.20,4.00,5.97,10.08,7.26,4.92,6.25,5.59,10.00,3.00,7.69,0.00,3.56,6.60,10.00,4.57,10.00,8.19,7.77,4.92,5.17,10.00,7.01,10.00,7.48,4.37,3.11,8.49,3.05,7.38,7.68,5.68,7.12
2020,POL,Poland,6.93,80,2,4.33,25.27,4.01,22.47,6.57,27.02,7.00,36.00,5.00,47.00,6.00,6.90,5.56,4.78,6.07,5.14,10.00,6.29,4.56,7.35,5.15,1.00,6.17,8.99,5.04,9.41,1.49,9.33,3.37,5.00,8.18,8.60,2.10,8.98,5.10,6.51,8.72,8.03,5.74,9.98,7.86,10.00,7.00,2.31,5.00,4.77,7.67,5.00,6.52,10.00,7.17,5.57,3.86,7.43,8.00,7.76,10.00,7.10,3.14,8.44,8.66,6.41,8.68,6.26,6.93,7.07
2020,PRT,Portugal,7.43,42,1,5.01,22.97,4.15,21.98,10.00,11.66,4.00,53.00,1.00,66.00,2.50,8.44,6.02,7.10,6.22,6.54,10.00,7.99,4.23,7.41,7.97,1.00,7.18,7.01,14.95,9.92,0.20,10.00,-0.01,10.00,9.23,8.60,2.10,8.98,5.10,6.51,8.72,8.03,7.34,9.98,8.66,10.00,10.00,6.15,5.00,7.05,8.44,5.00,6.70,6.00,5.90,2.23,3.51,6.05,6.00,7.04,10.00,5.81,3.48,7.11,9.77,6.78,8.31,7.28,7.12,6.28
2020,PRY,Paraguay,6.96,78,2,6.89,16.56,8.59,5.66,7.48,23.82,10.00,10.00,7.00,32.00,8.50,8.48,7.99,4.32,3.48,5.27,2.50,4.65,4.07,8.54,2.84,1.00,4.46,8.80,6.02,9.50,1.24,9.65,1.77,10.00,9.49,9.12,1.32,8.08,9.60,6.77,8.06,7.99,5.88,5.96,5.92,10.00,4.48,3.85,0.00,2.77,6.67,8.00,6.90,9.00,7.97,5.57,3.28,6.76,6.00,2.60,3.00,4.53,4.28,4.44,8.33,4.99,8.94,5.76,6.13,6.21
2020,QAT,Qatar,6.99,76,2,0.00,45.81,9.61,1.92,,,10.00,0.00,10.00,14.00,10.00,4.14,5.94,5.95,7.10,7.41,6.67,7.00,4.86,9.88,7.92,0.53,5.43,9.67,1.66,5.25,11.87,9.49,-2.54,10.00,8.60,9.31,1.03,8.98,5.10,6.76,8.11,8.35,6.63,7.47,7.05,10.00,10.00,4.62,0.00,4.87,7.57,5.00,10.00,10.00,8.33,10.00,6.96,7.40,4.00,4.82,3.00,6.03,6.61,6.67,9.65,5.68,9.49,9.54,7.94,7.43
2020,ROU,Romania,7.74,19,1,4.83,23.58,5.71,16.24,10.00,14.52,10.00,10.00,4.00,45.00,7.00,7.30,6.97,6.38,5.15,6.07,8.33,6.28,5.04,9.30,6.59,1.00,6.64,8.68,6.59,9.26,1.85,9.47,2.63,10.00,9.35,8.60,2.10,8.98,5.10,6.51,8.72,8.03,6.26,9.97,8.11,10.00,10.00,8.46,5.00,7.82,8.49,8.00,5.05,10.00,7.68,3.90,5.62,6.93,8.00,10.00,10.00,7.41,3.33,5.78,9.36,6.08,6.67,8.17,6.56,7.22
2020,RUS,Russian Federation,6.62,94,3,3.09,29.51,5.30,17.75,8.02,21.93,10.00,13.00,5.00,37.00,7.50,4.62,5.70,4.18,4.08,4.47,6.67,4.39,5.09,9.70,5.03,0.88,5.13,8.44,7.81,8.61,3.47,9.32,3.38,10.00,9.09,7.47,3.80,8.68,6.60,6.96,7.59,7.70,5.19,6.93,6.06,10.00,4.77,2.31,0.00,2.36,6.53,5.00,8.52,10.00,7.84,5.00,5.11,7.82,6.00,8.50,3.00,5.90,3.70,4.00,9.67,3.46,8.23,8.22,6.21,6.65
2020,RWA,Rwanda,6.90,81,2,6.59,17.59,9.06,3.96,0.57,48.00,8.00,30.00,5.00,36.00,6.50,2.63,5.07,4.53,6.12,5.79,,4.74,4.81,9.83,7.70,1.00,6.22,8.42,7.91,8.53,3.68,8.03,9.85,10.00,8.74,8.62,2.07,7.50,12.50,5.15,12.13,7.09,5.94,5.72,5.83,10.00,7.47,8.46,0.00,5.31,7.06,5.00,4.82,9.00,6.27,10.00,5.76,6.86,10.00,7.01,10.00,8.27,6.15,7.33,9.87,4.86,9.32,8.99,7.75,7.43
2020,SAU,Saudi Arabia,6.78,86,3,0.04,39.85,8.09,7.51,2.24,42.17,10.00,0.00,10.00,20.00,10.00,3.20,4.71,5.55,6.17,7.89,8.33,6.48,4.73,9.97,8.74,0.88,6.81,9.68,1.58,6.90,7.76,9.31,3.45,10.00,8.97,9.39,0.92,8.88,5.60,0.77,23.07,6.35,6.18,7.41,6.80,10.00,7.00,0.77,0.00,2.59,6.43,5.00,5.53,10.00,6.84,8.33,6.16,7.73,6.00,4.39,10.00,7.10,6.13,4.44,9.61,3.81,9.29,8.83,7.02,6.99
2020,SDN,Sudan,4.21,164,4,0.00,41.31,9.42,2.63,10.00,7.16,10.00,15.00,7.00,34.00,8.50,5.97,6.78,3.88,4.13,3.05,1.67,4.05,3.80,8.94,,0.29,2.73,0.00,59.57,0.00,44.23,0.00,150.32,5.00,1.25,5.45,6.83,5.70,21.50,3.89,15.27,5.01,5.46,0.92,3.19,10.00,5.52,6.15,0.00,3.89,5.52,,8.03,0.00,4.02,8.33,3.48,4.32,8.00,2.52,0.00,4.44,3.69,3.56,8.71,4.34,6.76,7.98,5.84,4.77
2020,SEN,Senegal,6.05,129,4,6.46,18.05,8.91,4.51,7.61,23.38,5.00,40.00,5.00,40.00,5.00,6.74,6.94,4.98,4.81,5.20,4.17,6.02,3.35,6.89,6.92,0.65,4.36,9.16,4.22,9.79,0.52,9.49,2.55,0.00,7.11,7.17,4.25,7.58,12.10,7.05,7.38,7.26,5.46,6.23,5.85,10.00,1.64,0.77,0.00,0.80,5.98,10.00,7.58,5.00,7.53,0.00,3.99,6.43,4.00,7.19,0.00,3.60,4.50,5.11,9.56,6.19,8.02,5.34,6.45,5.86
2020,SGP,Singapore,8.48,2,1,3.73,27.33,9.25,3.27,9.47,16.84,10.00,22.00,10.00,22.00,10.00,3.48,7.18,6.40,8.47,8.94,8.33,8.21,7.83,8.96,9.19,1.00,8.29,9.28,3.58,9.24,1.91,9.96,-0.18,10.00,9.62,10.00,0.00,10.00,0.00,10.00,0.00,10.00,8.36,9.20,8.78,10.00,10.00,6.92,0.00,5.64,8.61,10.00,7.79,10.00,9.26,10.00,7.70,8.39,10.00,10.00,0.00,7.68,7.44,9.78,9.95,8.76,9.99,9.28,9.20,8.72
2020,SLE,Sierra Leone,5.98,133,4,9.59,7.40,10.00,0.14,4.19,35.33,8.00,30.00,5.00,40.00,6.50,6.94,7.44,4.97,3.95,4.40,4.17,6.41,4.18,5.46,4.13,0.94,4.57,7.54,12.29,8.58,3.56,7.31,13.45,5.00,7.11,7.64,3.54,7.58,12.10,7.05,7.38,7.42,5.15,4.23,4.69,10.00,1.64,0.00,0.00,0.55,5.67,2.00,0.00,9.00,3.67,3.33,4.47,7.05,8.00,0.00,10.00,5.48,2.82,3.11,9.66,7.50,7.91,6.16,6.19,5.11
2020,SLV,El Salvador,7.12,64,2,6.09,19.29,9.34,2.94,10.00,12.77,8.00,30.00,8.00,30.00,8.00,8.97,8.48,4.66,3.48,4.39,4.17,4.26,3.27,8.17,2.57,1.00,4.37,8.69,6.53,9.72,0.70,9.93,-0.37,10.00,9.59,9.26,1.11,8.80,6.00,6.66,8.34,8.24,5.22,8.54,6.88,10.00,7.00,3.08,0.00,3.36,7.12,8.00,5.54,10.00,7.85,4.43,3.46,7.32,6.00,2.60,3.00,4.47,2.46,5.33,9.01,4.10,5.85,8.12,5.81,6.04
2020,SOM,Somalia,6.03,130,4,9.35,8.22,10.00,0.01,,,7.00,35.00,,,7.00,8.62,8.74,4.38,1.30,1.77,1.67,1.93,,5.99,,0.65,2.34,0.00,147.38,8.32,4.21,9.14,4.30,10.00,6.86,10.00,0.00,0.00,0.00,0.00,0.00,3.33,,5.07,5.07,10.00,,10.00,10.00,10.00,7.10,,,,,10.00,,,8.00,2.52,10.00,7.63,,0.00,5.68,1.96,,,2.55,5.09
2020,SRB,Serbia,6.82,84,3,5.65,20.80,4.17,21.88,7.19,24.85,10.00,15.00,6.00,38.00,8.00,7.05,6.41,5.35,4.61,4.86,6.67,5.58,3.37,8.52,5.12,1.00,5.51,8.53,7.33,9.90,0.25,9.68,1.58,5.00,8.28,9.47,0.79,8.52,7.40,7.16,7.10,8.38,5.76,9.75,7.75,10.00,,1.54,0.00,0.77,6.73,8.00,6.46,9.00,7.82,2.23,5.02,6.79,10.00,7.51,10.00,6.92,3.49,6.00,9.75,4.59,9.29,7.47,6.77,7.17
2020,SUR,Suriname,5.81,143,4,5.82,20.20,8.58,5.69,,,5.00,38.00,5.00,40.00,5.00,5.25,6.16,5.53,5.44,5.56,5.00,5.56,2.75,4.46,3.16,0.94,4.55,6.75,16.27,3.00,17.49,3.02,34.89,10.00,5.69,8.39,2.42,7.92,10.40,6.13,9.67,7.48,6.29,6.83,6.56,10.00,1.64,0.00,0.00,0.55,6.15,8.00,8.97,5.00,7.32,5.57,3.48,6.41,10.00,7.01,10.00,7.08,2.90,1.33,6.90,4.78,7.28,7.77,5.16,6.52
2020,SVK,Slovak Republic,7.33,54,2,3.85,26.92,4.79,19.63,9.24,17.66,9.00,25.00,2.00,52.00,5.50,7.43,6.16,5.51,5.12,5.69,10.00,6.85,3.75,9.69,3.99,1.00,6.32,7.41,12.93,9.51,1.21,9.61,1.94,10.00,9.14,8.60,2.10,8.98,5.10,6.51,8.72,8.03,6.11,9.98,8.05,10.00,7.47,5.38,0.00,4.29,7.59,10.00,6.64,10.00,8.88,5.57,3.79,6.59,8.00,7.76,10.00,6.95,2.31,6.44,9.25,7.40,6.03,7.85,6.55,7.46
2020,SVN,Slovenia,7.00,75,2,3.22,29.04,3.51,24.30,8.02,21.94,4.00,50.00,0.00,66.00,2.00,6.93,4.74,5.91,5.97,6.07,9.17,7.03,4.23,8.32,7.43,0.94,6.57,8.09,9.54,9.75,0.62,9.99,-0.06,10.00,9.46,8.60,2.10,8.98,5.10,6.51,8.72,8.03,6.78,9.98,8.38,10.00,7.00,3.08,0.00,3.36,7.44,5.00,6.98,10.00,7.33,2.23,2.74,6.07,8.00,8.13,10.00,6.20,2.65,7.78,9.63,7.00,6.88,7.39,6.89,6.80
2020,SWE,Sweden,7.56,33,1,0.63,37.87,4.39,21.09,8.39,20.65,2.00,52.00,0.00,63.00,1.00,7.77,4.43,8.20,8.13,7.54,9.17,8.93,6.11,8.45,6.89,1.00,7.93,8.77,6.17,9.82,0.46,9.90,0.50,10.00,9.62,8.60,2.10,8.98,5.10,6.51,8.72,8.03,7.03,9.93,8.48,10.00,10.00,3.08,5.00,6.03,8.13,10.00,8.98,8.00,8.99,6.67,4.31,4.30,6.00,10.00,5.00,6.05,4.59,6.22,9.72,9.64,9.01,8.63,7.97,7.67
2020,SWZ,Eswatini,5.76,144,4,4.17,25.82,9.85,1.06,0.00,95.12,7.00,33.00,7.00,33.00,7.00,3.82,4.97,4.37,5.18,5.99,,4.23,1.59,7.20,6.53,0.53,3.83,9.25,3.73,7.92,5.21,9.22,3.90,5.00,7.85,0.25,14.63,8.46,7.70,5.60,11.01,4.77,5.81,3.28,4.55,10.00,1.64,0.77,0.00,0.80,5.03,8.00,5.54,10.00,7.85,8.90,4.12,5.87,10.00,6.89,10.00,7.63,4.04,4.00,8.50,3.70,8.68,6.64,5.93,7.13
2020,SYC,Seychelles,7.01,72,2,0.99,36.64,8.49,6.05,10.00,14.72,8.00,30.00,8.00,30.00,8.00,5.35,6.56,6.12,6.02,6.19,,7.61,4.06,7.08,4.86,0.94,5.81,7.80,10.99,8.12,4.69,8.34,8.28,10.00,8.57,9.49,0.76,9.50,2.50,5.92,10.20,8.30,5.87,5.33,5.60,10.00,10.00,8.46,0.00,6.15,7.51,5.00,0.00,9.00,4.67,8.90,5.13,5.82,8.00,7.53,10.00,7.56,5.17,5.78,8.84,7.55,9.08,9.05,7.58,6.60
2020,SYR,Syrian Arab Republic,4.63,162,4,6.82,16.80,8.97,4.29,3.88,36.43,9.00,22.00,5.00,38.00,7.00,4.61,6.25,3.26,1.70,5.86,3.33,5.36,3.22,4.09,5.95,0.47,3.01,9.25,3.74,5.87,10.33,0.00,63.00,10.00,6.28,8.37,2.45,6.70,16.50,0.63,23.43,5.23,5.72,2.81,4.27,0.00,0.00,0.83,0.00,0.28,2.44,2.00,4.76,10.00,5.59,7.23,,,6.00,10.00,0.00,5.81,,0.00,9.13,1.17,,6.23,4.13,5.18
2020,TCD,Chad,5.55,152,4,10.00,5.01,9.92,0.80,4.01,35.98,8.00,30.00,8.00,30.00,8.00,7.87,7.96,3.16,2.92,3.57,,2.70,2.22,6.79,3.30,0.53,2.69,9.99,-0.05,8.17,4.57,9.11,4.46,0.00,6.82,,,6.42,17.90,6.21,9.49,6.31,3.92,0.77,2.35,10.00,1.64,1.54,0.00,1.06,4.93,2.00,10.00,10.00,7.33,5.00,4.20,6.10,6.00,7.94,3.00,5.37,3.64,0.89,6.28,0.95,7.20,0.65,3.27,5.33
2020,TGO,Togo,6.19,121,3,7.03,16.11,9.83,1.13,3.35,38.29,7.00,35.00,,,7.00,6.77,6.79,4.66,3.23,6.48,4.17,4.42,3.90,8.81,,1.00,5.10,9.46,2.68,9.61,0.98,9.63,1.83,0.00,7.18,6.55,5.17,7.58,12.10,7.05,7.38,7.06,4.85,3.29,4.07,10.00,1.64,0.77,0.00,0.80,5.48,10.00,10.00,5.00,8.33,1.67,4.38,5.85,8.00,7.01,0.00,4.48,4.38,4.00,9.81,3.76,8.15,8.22,6.39,6.40
2020,THA,Thailand,6.78,86,3,4.39,25.09,8.95,4.37,6.31,27.92,8.00,35.00,8.00,35.00,8.00,6.90,6.91,5.41,5.03,5.54,3.33,4.47,5.26,7.46,4.37,0.94,4.96,9.81,0.94,9.48,1.31,9.83,-0.85,10.00,9.78,9.63,0.55,7.96,10.20,3.80,15.50,7.13,5.69,7.99,6.84,10.00,4.17,1.54,0.00,1.90,6.47,8.00,0.00,10.00,6.00,5.57,5.57,5.64,10.00,1.37,0.00,4.69,4.58,6.67,9.78,2.72,9.08,7.43,6.71,5.80
2020,TJK,Tajikistan,6.60,95,3,8.31,11.75,9.06,3.94,0.00,60.13,10.00,13.00,7.00,31.00,8.50,3.39,5.85,4.51,3.95,4.83,,1.92,5.67,8.46,5.99,0.88,4.75,8.78,6.09,9.52,1.19,8.28,8.60,10.00,9.15,9.19,1.22,8.46,7.70,7.66,5.85,8.44,5.32,4.54,4.93,10.00,1.20,6.15,0.00,2.45,6.45,8.00,9.47,8.00,8.49,5.57,5.87,7.37,8.00,7.76,0.00,5.76,5.62,2.89,9.59,2.77,8.35,7.49,6.12,6.79
2020,TLS,Timor-Leste,5.94,136,4,0.00,46.95,7.70,8.95,0.00,70.23,10.00,10.00,10.00,10.00,10.00,4.50,4.44,5.91,4.51,3.02,,5.99,0.00,,1.40,1.00,3.47,9.62,1.88,3.78,15.56,9.90,0.50,10.00,8.33,9.45,0.83,9.50,2.50,10.00,0.00,9.65,5.40,5.05,5.22,10.00,,8.46,0.00,4.23,7.28,,1.04,9.00,5.02,2.23,5.73,7.36,8.00,5.51,10.00,6.47,5.58,5.56,9.58,6.80,7.54,7.38,7.07,6.19
2020,TTO,Trinidad and Tobago,7.01,72,2,6.00,19.60,7.26,10.57,,,9.00,30.00,6.00,45.00,7.50,6.88,6.91,6.59,5.15,5.45,8.33,5.46,2.96,6.24,3.59,0.94,5.31,9.38,3.11,8.83,2.92,9.88,0.60,10.00,9.52,8.90,1.65,8.38,8.10,5.27,11.83,7.52,5.93,6.18,6.05,7.91,8.36,6.15,0.00,4.84,6.58,8.00,0.00,10.00,6.00,10.00,3.62,6.05,10.00,5.14,10.00,7.47,3.46,6.44,9.66,6.66,6.78,7.65,6.77,6.75
2020,TUN,Tunisia,6.09,128,4,5.27,22.09,6.41,13.67,4.67,33.65,5.00,36.00,2.00,53.00,3.50,6.03,5.18,5.62,4.69,5.57,5.83,7.89,4.88,7.33,5.78,0.71,5.08,8.54,7.31,9.64,0.89,8.87,5.63,5.00,8.01,8.83,1.75,7.68,11.60,5.27,11.83,7.26,5.16,8.09,6.63,8.10,1.64,0.77,0.00,0.80,5.70,5.00,5.49,10.00,6.83,6.10,3.35,5.47,10.00,5.51,3.00,5.57,3.18,5.11,9.68,7.09,8.74,8.39,7.03,6.48
2020,TUR,Turkey,6.48,112,3,5.56,21.10,6.04,15.04,10.00,13.30,6.00,40.00,4.00,48.00,5.00,6.00,6.52,3.74,3.95,5.42,3.33,4.41,4.50,8.93,5.58,0.94,4.84,6.86,15.70,8.67,3.34,7.54,12.28,10.00,8.27,9.42,0.87,7.78,11.10,0.81,22.98,6.00,5.56,9.57,7.57,10.00,1.64,2.31,8.41,4.12,6.92,5.00,8.31,4.00,5.77,5.57,4.26,7.10,8.00,2.52,5.00,5.41,4.41,5.33,9.71,1.88,9.28,8.09,6.45,5.88
2020,TWN,Taiwan,7.68,24,1,5.18,22.40,9.18,3.52,9.31,17.43,7.00,40.00,7.00,40.00,7.00,7.50,7.63,6.48,6.42,7.63,6.67,8.10,6.25,7.89,7.83,1.00,7.16,9.31,3.47,9.57,1.08,9.46,2.68,10.00,9.58,9.52,0.72,8.70,6.50,4.51,13.72,7.58,6.59,8.76,7.68,10.00,,,0.00,0.00,6.31,5.00,8.46,10.00,7.82,5.57,6.20,8.33,10.00,6.26,5.00,6.89,4.90,9.56,9.66,9.27,9.58,7.52,8.42,7.71
2020,TZA,Tanzania,6.55,99,3,8.13,12.37,7.99,7.86,3.05,39.31,8.00,30.00,4.00,45.00,6.00,4.68,5.97,5.64,4.46,4.83,5.83,7.14,5.71,7.02,5.16,0.88,5.39,10.00,0.00,9.03,2.42,9.34,3.29,5.00,8.34,7.95,3.08,7.38,13.10,5.02,12.45,6.78,5.03,0.80,2.91,10.00,1.64,1.54,10.00,4.39,6.02,8.00,8.31,9.00,8.44,5.57,4.82,5.95,10.00,8.27,5.00,6.60,4.61,1.33,8.63,6.10,7.91,7.68,6.04,7.03
2020,UGA,Uganda,7.18,60,2,8.30,11.78,10.00,0.16,7.47,23.84,5.00,40.00,3.00,50.00,4.00,7.37,7.43,4.77,4.39,5.05,3.33,5.33,4.87,7.92,4.33,0.82,4.56,8.70,6.52,9.36,1.59,9.24,3.79,10.00,9.32,7.65,3.53,7.26,13.70,4.47,13.84,6.46,5.57,4.62,5.09,10.00,10.00,8.46,0.00,6.15,6.93,8.00,6.58,9.00,7.86,10.00,5.63,8.15,8.00,10.00,10.00,8.63,4.48,4.44,8.81,4.52,9.06,7.81,6.52,7.67
2020,UKR,Ukraine,6.11,126,4,5.71,20.59,5.62,16.56,8.15,21.46,10.00,20.00,7.00,34.00,8.50,7.20,7.04,4.05,3.52,3.86,8.33,5.34,4.28,9.16,4.62,0.82,4.92,7.66,11.72,7.75,5.62,9.45,2.73,0.00,6.22,9.43,0.86,9.10,4.50,7.98,5.04,8.84,5.41,7.24,6.33,10.00,0.00,0.00,0.00,0.00,6.29,5.00,4.85,9.00,6.28,5.57,5.53,5.78,6.00,9.25,0.00,5.35,4.39,4.89,9.79,4.30,9.73,6.33,6.57,6.07
2020,URY,Uruguay,7.06,68,2,5.16,22.47,6.01,15.13,7.10,25.14,7.00,36.00,6.00,44.00,6.50,6.26,6.21,7.76,6.65,6.81,5.83,6.58,3.59,6.45,5.05,0.94,5.91,8.16,9.18,8.97,2.57,8.05,9.76,10.00,8.80,8.62,2.07,7.94,10.30,6.87,7.83,7.81,5.79,6.57,6.18,10.00,10.00,8.46,0.00,6.15,7.54,5.00,7.13,10.00,7.38,8.90,2.51,1.61,8.00,4.61,10.00,5.94,3.18,7.11,9.54,8.62,6.59,8.17,7.20,6.84
2020,USA,United States,7.97,7,1,6.48,17.97,3.93,22.77,9.23,17.69,5.00,40-53,5.00,40-53,5.00,9.31,6.79,7.57,7.71,7.60,6.67,7.41,6.76,8.92,7.81,1.00,7.56,8.96,5.20,9.79,0.51,9.75,1.23,10.00,9.63,9.07,1.40,9.32,3.40,6.48,8.81,8.29,6.52,9.80,8.16,10.00,10.00,3.85,0.00,4.62,7.77,10.00,1.94,10.00,7.31,8.90,7.18,7.79,10.00,10.00,10.00,8.98,5.77,6.89,9.86,8.08,9.60,8.04,8.04,8.11
2020,VEN,"Venezuela, RB",3.32,165,4,8.98,9.46,5.77,16.01,0.00,88.34,7.00,34.00,4.00,41.00,5.50,2.80,4.61,2.20,1.18,0.98,1.67,2.22,2.44,8.14,1.37,1.00,2.52,3.78,31.10,0.00,53319.32,0.00,2360.00,0.00,0.94,8.45,2.33,7.24,13.80,6.08,9.80,7.26,3.76,10.00,6.88,10.00,0.00,0.00,0.00,0.00,6.03,5.00,0.00,5.00,3.33,0.00,1.56,5.66,4.00,,0.00,2.24,1.28,0.00,4.44,0.79,4.98,0.00,1.91,2.50
2020,VNM,Vietnam,6.42,113,3,9.12,9.00,,,6.87,25.97,7.00,35.00,7.00,35.00,7.00,4.86,6.96,3.48,4.30,4.97,5.00,5.43,5.09,8.79,5.30,0.94,5.14,8.92,5.38,9.47,1.33,9.36,3.22,0.00,6.94,9.12,1.32,8.10,9.50,5.40,11.50,7.54,4.88,5.75,5.32,10.00,4.17,0.77,0.00,1.65,6.13,,8.32,10.00,9.16,7.77,5.46,6.53,10.00,2.52,0.00,5.38,3.98,6.22,9.43,4.43,8.21,5.70,6.33,6.96
2020,YEM,"Yemen, Rep.",5.67,147,4,9.31,8.35,9.02,4.10,10.00,7.24,10.00,15.00,8.00,27.00,9.00,4.93,8.45,2.94,2.25,2.78,4.17,2.77,3.78,9.05,3.43,0.41,2.75,9.93,-0.34,7.53,6.17,5.38,23.10,10.00,8.21,8.92,1.62,8.48,7.60,7.81,5.47,8.40,4.05,10.00,7.02,0.00,10.00,6.92,1.33,6.08,5.38,,0.00,0.00,0.00,8.90,3.37,7.00,8.00,2.52,10.00,6.63,2.94,0.00,8.28,2.16,,7.22,4.12,3.58
2020,ZAF,South Africa,6.55,99,3,4.44,24.91,8.30,6.74,5.30,31.46,5.00,45.00,4.00,46.00,4.50,7.44,5.99,6.90,5.99,5.15,8.33,5.64,4.96,6.94,3.65,1.00,5.95,8.97,5.13,9.49,1.27,9.36,3.21,5.00,8.21,8.79,1.82,8.46,7.70,4.73,13.17,7.33,5.44,4.68,5.06,10.00,1.64,0.77,0.00,0.80,5.80,10.00,2.63,10.00,7.54,5.57,3.13,4.11,8.00,8.27,10.00,6.51,3.36,3.33,8.72,6.34,8.39,7.65,6.30,6.78
2020,ZMB,Zambia,6.56,98,3,3.63,27.66,9.55,2.16,7.30,24.46,5.00,38.00,3.00,47.00,4.00,8.49,6.59,4.89,4.52,4.78,8.33,5.12,3.51,6.03,3.58,0.94,4.95,6.95,15.24,8.84,2.89,6.85,15.73,10.00,8.16,8.82,1.77,7.30,13.50,5.41,11.48,7.18,5.28,2.43,3.85,10.00,10.00,8.46,0.00,6.15,6.80,5.00,7.15,9.00,7.05,3.33,4.80,7.49,8.00,0.00,10.00,5.60,4.22,3.11,9.37,4.73,7.85,8.23,6.25,6.30
2020,ZWE,Zimbabwe,4.48,163,4,9.34,8.24,8.50,6.00,0.00,63.09,5.00,46.00,5.00,47.00,5.00,4.97,5.56,4.11,3.29,3.06,3.33,4.60,2.37,7.05,3.90,1.00,3.97,0.00,104.26,0.00,266.43,0.00,557.20,5.00,1.25,7.61,3.59,,,,,7.61,5.20,1.33,3.26,10.00,4.17,0.00,0.00,1.39,5.57,8.00,10.00,2.00,6.67,6.67,2.96,3.55,8.00,6.26,10.00,6.24,2.41,2.67,8.33,3.33,7.99,7.29,5.34,6.08
